distrito,AdultosMayores,ApoyoMadresTrab,BecasUniv,BenitoJuarez,BienestarDiscapacitados,CreditoGanaPalabra,FertiGuerrero,JoCuFu,MediaSuperior,MejoramientoUrbano-RYCJ,MejoUrbano-VAB,PNR-ReconstruViv,PrBiPeEmSoNa,ProdBienProdCafe,ProdBienProdCanaAzu,ProdBienProdIndig,ProdBienPyMProd,SembrandoVida
D01001,21976,1092,609.0,4178,1923,1.0,0.0,2886,121.0,0.0,0.0,0.0,0.0,0.0,0.0,1.0,6448,0.0
D01002,47034,2928,2844.0,5983,3256,8.0,14.0,2780,0.0,0.0,0.0,0.0,0.0,5.0,22.0,20.0,2617,0.0
D01003,47034,2928,2844.0,5983,3256,8.0,14.0,2780,0.0,0.0,0.0,0.0,0.0,5.0,22.0,20.0,2617,0.0
D02001,56581,258,555.0,6253,4218,0.0,0.0,637,428.0,0.0,0.0,0.0,0.0,1.0,2.0,0.0,92,0.0
D02002,56581,258,555.0,6253,4218,0.0,0.0,637,428.0,0.0,0.0,0.0,0.0,1.0,2.0,0.0,92,0.0
D02003,26581,287,466.0,6379,2582,0.0,1.0,747,2871.0,0.0,0.0,0.0,0.0,0.0,0.0,2.0,85,1.0
D02004,65807,138,1135.0,13256,4978,0.0,3.0,1137,0.0,0.0,0.0,0.0,0.0,0.0,8.0,0.0,209,1.0
D02005,65807,138,1135.0,13256,4978,0.0,3.0,1137,0.0,0.0,0.0,0.0,0.0,0.0,8.0,0.0,209,1.0
D02006,65807,138,1135.0,13256,4978,0.0,3.0,1137,0.0,0.0,0.0,0.0,0.0,0.0,8.0,0.0,209,1.0
D02007,93041,586,1029.0,14047,9102,0.0,1.0,1478,3299.0,0.0,0.0,0.0,2.0,1.0,2.0,2.0,204,1.0
D02008,65807,138,1135.0,13256,4978,0.0,3.0,1137,0.0,0.0,0.0,0.0,0.0,0.0,8.0,0.0,209,1.0
D03001,26902,730,2116.0,3825,1815,0.0,0.0,3439,1654.0,0.0,0.0,0.0,0.0,0.0,0.0,0.0,71,0.0
D03002,24669,771,1850.0,5180,2168,0.0,4.0,1865,273.0,0.0,0.0,0.0,0.0,1.0,0.0,0.0,114,0.0
D04001,31105,1835,2394.0,7402,2694,322.0,2.0,15391,779.0,0.0,0.0,0.0,0.0,1.0,9.0,1383.0,12129,4787.0
D04002,23112,620,1347.0,7127,2006,297.0,2.0,9869,950.0,0.0,0.0,0.0,0.0,0.0,778.0,2.0,6142,4803.0
D05001,28173,439,460.0,2895,1813,0.0,0.0,329,0.0,0.0,1126.0,0.0,0.0,1.0,0.0,0.0,203,1.0
D05002,33846,392,327.0,2507,3213,0.0,0.0,1820,583.0,0.0,0.0,0.0,0.0,0.0,0.0,0.0,5793,1.0
D05003,37184,462,348.0,977,2014,0.0,0.0,520,130.0,0.0,0.0,0.0,0.0,0.0,0.0,0.0,245,0.0
D05004,42503,1158,978.0,2704,1742,0.0,0.0,1211,0.0,0.0,0.0,0.0,0.0,0.0,0.0,0.0,4365,0.0
D05005,39821,1416,3261.0,3732,2027,0.0,0.0,2319,83.0,0.0,0.0,0.0,0.0,0.0,1.0,0.0,720,1.0
D05006,53050,1571,3350.0,5143,3031,0.0,0.0,3109,124.0,0.0,0.0,0.0,0.0,0.0,1.0,0.0,3018,1.0
D05007,45193,1238,1022.0,3131,1918,0.0,0.0,1417,0.0,0.0,0.0,0.0,0.0,0.0,0.0,0.0,5776,0.0
D06001,31787,1729,1358.0,2459,1078,0.0,1.0,5671,0.0,0.0,0.0,0.0,0.0,10.0,730.0,1.0,1507,0.0
D06002,21858,1266,517.0,4722,1466,0.0,1.0,2839,96.0,0.0,0.0,0.0,0.0,19.0,4.0,3.0,968,1.0
D07001,19890,122,118.0,12016,3163,620.0,0.0,7548,3491.0,0.0,0.0,0.0,0.0,3630.0,4.0,2880.0,13071,13292.0
D07002,14041,132,32.0,146,3748,13.0,1.0,13073,1768.0,0.0,0.0,0.0,0.0,9456.0,1.0,7475.0,24624,7017.0
D07003,12949,24,625.0,11233,2239,94.0,0.0,7346,7268.0,0.0,0.0,0.0,0.0,2708.0,1.0,1852.0,12686,23026.0
D07004,19254,626,218.0,3330,3259,365.0,0.0,10359,1429.0,0.0,0.0,0.0,0.0,1167.0,10.0,403.0,7337,12748.0
D07005,17862,377,2138.0,7119,2687,2.0,0.0,6395,1213.0,0.0,0.0,0.0,0.0,3077.0,25.0,2992.0,16122,0.0
D07006,46277,2172,7483.0,8650,4437,137.0,0.0,24370,270.0,0.0,0.0,0.0,0.0,370.0,92.0,9.0,7381,909.0
D07007,30240,622,512.0,2772,4578,264.0,0.0,16405,197.0,0.0,0.0,8.0,0.0,1949.0,279.0,12.0,3346,5112.0
D07008,26923,1394,1052.0,8301,3365,140.0,0.0,11846,496.0,0.0,0.0,0.0,0.0,538.0,2958.0,39.0,20108,2.0
D07009,33409,1691,7482.0,3579,2261,7.0,0.0,17711,0.0,0.0,0.0,0.0,0.0,27.0,86.0,2.0,985,17.0
D07010,25460,692,982.0,3481,4451,487.0,0.0,23218,1320.0,0.0,0.0,168.0,0.0,4274.0,8.0,37.0,19468,1.0
D07011,24860,701,1807.0,10134,3364,3.0,0.0,12580,3197.0,0.0,0.0,0.0,0.0,3891.0,35.0,3958.0,28112,4223.0
D07012,30709,833,1216.0,10881,3822,1.0,0.0,7169,490.0,0.0,0.0,1.0,0.0,2624.0,20.0,11.0,2770,5218.0
D07013,40606,941,1371.0,16884,6443,2.0,0.0,11570,2852.0,0.0,0.0,0.0,0.0,9401.0,96.0,16.0,13948,11634.0
D08001,51068,944,1165.0,16443,4313,0.0,0.0,1398,574.0,0.0,689.0,0.0,0.0,0.0,2.0,0.0,434,2.0
D08002,67753,1032,1222.0,17302,5207,0.0,0.0,1870,1152.0,0.0,689.0,0.0,0.0,0.0,3.0,0.0,1590,3.0
D08003,51068,944,1165.0,16443,4313,0.0,0.0,1398,574.0,0.0,689.0,0.0,0.0,0.0,2.0,0.0,434,2.0
D08004,51068,944,1165.0,16443,4313,0.0,0.0,1398,574.0,0.0,689.0,0.0,0.0,0.0,2.0,0.0,434,2.0
D08005,29796,1007,617.0,3153,1532,0.0,0.0,3478,1436.0,0.0,0.0,0.0,0.0,0.0,0.0,0.0,883,2.0
D08006,53753,1060,883.0,2744,2170,0.0,0.0,1978,1477.0,0.0,0.0,0.0,0.0,0.0,0.0,0.0,1367,0.0
D08007,26047,324,575.0,2404,1912,0.0,0.0,1848,2915.0,0.0,0.0,0.0,0.0,0.0,0.0,4.0,16529,0.0
D08008,53753,1060,883.0,2744,2170,0.0,0.0,1978,1477.0,0.0,0.0,0.0,0.0,0.0,0.0,0.0,1367,0.0
D08009,23368,234,1463.0,5331,1201,0.0,0.0,1994,3344.0,0.0,0.0,0.0,0.0,0.0,0.0,3.0,17398,1.0
D09001,120849,1014,586.0,11667,10156,0.0,0.0,6175,29906.0,0.0,0.0,0.0,0.0,1.0,9.0,0.0,498,0.0
D09002,120849,1014,586.0,11667,10156,0.0,0.0,6175,29906.0,0.0,0.0,0.0,0.0,1.0,9.0,0.0,498,0.0
D09003,48201,338,1180.0,1116,3259,0.0,1.0,2194,29594.0,0.0,0.0,0.0,0.0,1.0,2.0,0.0,170,1.0
D09004,138482,2009,447.0,3283,18314,0.0,5.0,9302,28901.0,0.0,0.0,0.0,0.0,1.0,17.0,2.0,722,1.0
D09005,52985,678,392.0,2881,5273,0.0,5.0,3202,3759.0,0.0,0.0,0.0,0.0,0.0,8.0,0.0,258,0.0
D09006,81110,785,760.0,2018,7967,0.0,1.0,4210,24913.0,0.0,0.0,0.0,0.0,1.0,14.0,1.0,398,1.0
D09007,120849,1014,586.0,11667,10156,0.0,0.0,6175,29906.0,0.0,0.0,0.0,0.0,1.0,9.0,0.0,498,0.0
D09008,98633,368,424.0,714,6813,0.0,3.0,4951,15939.0,0.0,0.0,0.0,0.0,1.0,15.0,1.0,388,3.0
D09009,23068,835,695.0,670,3855,0.0,1.0,2970,4941.0,0.0,0.0,0.0,0.0,1.0,3.0,1.0,160,1.0
D09010,36149,213,1237.0,273,1952,0.0,1.0,1298,7425.0,0.0,0.0,0.0,0.0,1.0,3.0,0.0,103,1.0
D09011,44662,227,6.0,153,3677,0.0,3.0,2256,9540.0,0.0,0.0,0.0,0.0,0.0,9.0,0.0,153,3.0
D09012,53971,141,418.0,561,3136,0.0,0.0,2695,6399.0,0.0,0.0,0.0,0.0,1.0,6.0,1.0,235,0.0
D09013,42190,441,783.0,65,4240,0.0,1.0,2103,12723.0,0.0,0.0,0.0,0.0,0.0,3.0,0.0,150,1.0
D09014,52985,678,392.0,2881,5273,0.0,5.0,3202,3759.0,0.0,0.0,0.0,0.0,0.0,8.0,0.0,258,0.0
D09015,48445,170,0.0,243,1843,0.0,2.0,1292,3374.0,0.0,0.0,0.0,0.0,1.0,10.0,1.0,131,0.0
D09016,61508,494,760.0,1479,5864,0.0,1.0,2744,21173.0,0.0,0.0,0.0,0.0,1.0,11.0,1.0,264,1.0
D09017,73001,623,769.0,2287,7483,0.0,1.0,3235,23749.0,0.0,0.0,0.0,0.0,2.0,12.0,1.0,324,1.0
D09018,138482,2009,447.0,3283,18314,0.0,5.0,9302,28901.0,0.0,0.0,0.0,0.0,1.0,17.0,2.0,722,1.0
D09019,138482,2009,447.0,3283,18314,0.0,5.0,9302,28901.0,0.0,0.0,0.0,0.0,1.0,17.0,2.0,722,1.0
D09020,138482,2009,447.0,3283,18314,0.0,5.0,9302,28901.0,0.0,0.0,0.0,0.0,1.0,17.0,2.0,722,1.0
D09021,39692,923,311.0,929,5248,0.0,2.0,4554,14083.0,0.0,0.0,0.0,0.0,0.0,1.0,0.0,301,1.0
D09022,138482,2009,447.0,3283,18314,0.0,5.0,9302,28901.0,0.0,0.0,0.0,0.0,1.0,17.0,2.0,722,1.0
D09023,71283,762,293.0,889,5583,0.0,3.0,3177,23782.0,0.0,0.0,0.0,0.0,0.0,4.0,2.0,219,0.0
D09024,102877,1301,409.0,1443,9031,0.0,5.0,6375,34182.0,0.0,0.0,0.0,0.0,0.0,5.0,2.0,395,0.0
D10001,51637,3949,2445.0,23818,5062,49.0,0.0,5724,2749.0,0.0,0.0,0.0,0.0,0.0,2.0,331.0,20269,6521.0
D10002,28158,697,975.0,5173,2009,0.0,0.0,1249,812.0,0.0,0.0,0.0,0.0,0.0,0.0,4.0,6048,380.0
D10003,33307,588,1124.0,5438,2499,17.0,0.0,2088,1919.0,0.0,0.0,0.0,0.0,0.0,0.0,2.0,20269,2923.0
D10004,36294,3474,1940.0,10114,3243,44.0,0.0,3509,129.0,0.0,0.0,0.0,0.0,0.0,2.0,0.0,4917,9.0
D11001,24923,442,352.0,6356,2360,0.0,1.0,860,745.0,0.0,0.0,0.0,0.0,0.0,2.0,0.0,5500,0.0
D11002,43513,1116,1312.0,20785,3337,0.0,1.0,1361,19.0,0.0,0.0,0.0,0.0,0.0,1.0,1.0,5393,0.0
D11003,73759,3170,1066.0,30692,4921,0.0,1.0,3667,0.0,0.0,0.0,0.0,0.0,0.0,2.0,0.0,1747,0.0
D11004,20357,602,673.0,7135,1528,0.0,0.0,741,328.0,0.0,0.0,0.0,0.0,0.0,0.0,0.0,6292,0.0
D11005,73759,3170,1066.0,30692,4921,0.0,1.0,3667,0.0,0.0,0.0,0.0,0.0,0.0,2.0,0.0,1747,0.0
D11006,73759,3170,1066.0,30692,4921,0.0,1.0,3667,0.0,0.0,0.0,0.0,0.0,0.0,2.0,0.0,1747,0.0
D11007,26217,532,468.0,9823,2021,0.0,0.0,448,0.0,0.0,0.0,0.0,0.0,0.0,1.0,0.0,7648,0.0
D11008,26459,598,695.0,5667,1963,0.0,0.0,504,0.0,0.0,0.0,0.0,0.0,0.0,0.0,0.0,4151,0.0
D11009,41387,850,998.0,26002,3238,0.0,0.0,1437,0.0,0.0,0.0,0.0,0.0,0.0,1.0,0.0,4892,0.0
D11010,33507,1021,1289.0,7992,1751,0.0,0.0,1178,0.0,0.0,0.0,0.0,0.0,0.0,0.0,0.0,4818,0.0
D11011,73759,3170,1066.0,30692,4921,0.0,1.0,3667,0.0,0.0,0.0,0.0,0.0,0.0,2.0,0.0,1747,0.0
D11012,26871,760,1092.0,15381,1622,0.0,0.0,1025,0.0,0.0,0.0,0.0,0.0,0.0,1.0,0.0,1116,0.0
D11013,30098,388,687.0,13705,1932,0.0,8.0,861,0.0,0.0,0.0,0.0,0.0,0.0,0.0,1.0,10270,0.0
D11014,29484,363,92.0,7013,2072,0.0,1.0,1465,23.0,0.0,0.0,0.0,0.0,0.0,1.0,0.0,9007,0.0
D11015,32223,679,881.0,17815,2146,0.0,0.0,1326,0.0,0.0,0.0,0.0,0.0,0.0,1.0,0.0,3597,0.0
D12001,31750,932,1450.0,14434,4264,0.0,28691.0,17179,1882.0,0.0,0.0,0.0,0.0,2.0,0.0,4.0,13968,0.0
D12002,29477,1058,2078.0,13326,3106,0.0,9265.0,6904,552.0,0.0,0.0,25.0,0.0,1.0,3.0,69.0,6197,0.0
D12003,28794,383,987.0,24489,4209,0.0,10259.0,12987,960.0,0.0,0.0,0.0,0.0,1826.0,1.0,3.0,11094,0.0
D12004,52165,1276,4643.0,27703,4294,11.0,5664.0,10048,139.0,413.0,1532.0,0.0,0.0,6.0,3.0,16.0,6173,0.0
D12005,26002,719,1560.0,11450,5208,17.0,23194.0,4443,5375.0,0.0,0.0,0.0,0.0,2201.0,0.0,13855.0,13947,0.0
D12006,24182,390,424.0,17834,4750,0.0,30379.0,5679,3564.0,0.0,0.0,0.0,0.0,531.0,0.0,11225.0,17123,0.0
D12007,18881,1554,4880.0,22314,2910,17.0,10713.0,11868,1765.0,0.0,0.0,0.0,0.0,18.0,1.0,23.0,10942,0.0
D12008,24034,470,1294.0,15866,3981,92.0,14012.0,6152,929.0,0.0,0.0,0.0,0.0,2.0,1.0,240.0,15170,1.0
D12009,52165,1276,4643.0,27703,4294,11.0,5664.0,10048,139.0,413.0,1532.0,0.0,0.0,6.0,3.0,16.0,6173,0.0
D13001,37398,404,2321.0,21155,4092,0.0,0.0,3765,3452.0,0.0,0.0,0.0,0.0,374.0,0.0,3726.0,13275,0.0
D13002,34034,643,1385.0,9091,2618,0.0,0.0,3006,1214.0,0.0,0.0,2.0,0.0,54.0,0.0,1125.0,8455,0.0
D13003,30987,715,4781.0,12634,1959,0.0,0.0,2958,467.0,0.0,0.0,0.0,3.0,0.0,1.0,4.0,8058,0.0
D13004,29014,1043,1530.0,18525,2085,1.0,1.0,5200,1782.0,0.0,0.0,0.0,0.0,774.0,0.0,652.0,6893,0.0
D13005,27989,513,1013.0,12885,1606,0.0,0.0,2013,0.0,0.0,0.0,0.0,1.0,0.0,2.0,1.0,8844,0.0
D13006,26821,918,3059.0,11041,2335,0.0,0.0,4317,0.0,0.0,0.0,0.0,0.0,0.0,5.0,0.0,1648,0.0
D13007,23173,1064,2445.0,7073,1344,0.0,0.0,3636,0.0,0.0,0.0,0.0,0.0,0.0,3.0,0.0,8469,0.0
D14001,28940,526,3210.0,2429,1708,0.0,0.0,1646,1706.0,0.0,0.0,0.0,0.0,1.0,1973.0,283.0,8349,1.0
D14002,22298,310,233.0,1354,1793,0.0,0.0,1011,0.0,0.0,0.0,0.0,0.0,0.0,0.0,0.0,4443,0.0
D14003,30525,647,328.0,634,1587,0.0,0.0,1780,44.0,0.0,0.0,0.0,0.0,0.0,1.0,1.0,3876,0.0
D14004,68122,1130,239.0,18378,2850,0.0,1.0,2163,0.0,0.0,0.0,0.0,0.0,0.0,28.0,0.0,1298,0.0
D14005,20710,401,375.0,1251,729,0.0,1.0,503,519.0,0.0,0.0,0.0,0.0,85.0,5.0,0.0,3303,0.0
D14006,68122,1130,239.0,18378,2850,0.0,1.0,2163,0.0,0.0,0.0,0.0,0.0,0.0,28.0,0.0,1298,0.0
D14007,15274,594,37.0,10714,901,0.0,1.0,792,0.0,0.0,0.0,0.0,0.0,0.0,1.0,0.0,140,0.0
D14008,129427,1296,1309.0,9249,2949,1.0,1.0,2949,0.0,0.0,0.0,0.0,0.0,0.0,39.0,0.0,855,0.0
D14009,129427,1296,1309.0,9249,2949,1.0,1.0,2949,0.0,0.0,0.0,0.0,0.0,0.0,39.0,0.0,855,0.0
D14010,68122,1130,239.0,18378,2850,0.0,1.0,2163,0.0,0.0,0.0,0.0,0.0,0.0,28.0,0.0,1298,0.0
D14011,129427,1296,1309.0,9249,2949,1.0,1.0,2949,0.0,0.0,0.0,0.0,0.0,0.0,39.0,0.0,855,0.0
D14012,12279,247,206.0,10535,1070,0.0,0.0,548,970.0,0.0,0.0,0.0,0.0,0.0,43.0,0.0,1197,0.0
D14013,94689,1583,244.0,23466,3997,0.0,1.0,2943,0.0,0.0,0.0,0.0,0.0,1.0,42.0,0.0,1736,0.0
D14014,129427,1296,1309.0,9249,2949,1.0,1.0,2949,0.0,0.0,0.0,0.0,0.0,0.0,39.0,0.0,855,0.0
D14015,30032,722,328.0,3788,1714,0.0,0.0,1363,32.0,0.0,0.0,0.0,0.0,0.0,3.0,0.0,8904,0.0
D14016,26567,453,5.0,5088,1147,0.0,0.0,780,0.0,0.0,0.0,0.0,0.0,1.0,14.0,0.0,438,0.0
D14017,27001,453,525.0,1088,1096,1.0,0.0,1053,284.0,0.0,0.0,0.0,0.0,0.0,1504.0,0.0,6931,0.0
D14018,34690,501,764.0,1545,1352,0.0,0.0,3766,1646.0,0.0,0.0,0.0,0.0,0.0,1830.0,0.0,8858,1.0
D14019,31820,860,861.0,1666,1094,0.0,1.0,2809,139.0,0.0,0.0,0.0,0.0,0.0,828.0,1.0,5019,0.0
D14020,27440,795,151.0,18479,1870,0.0,1.0,1159,0.0,0.0,0.0,0.0,0.0,0.0,3.0,0.0,1100,0.0
D15001,26386,279,627.0,13981,3648,0.0,0.0,2732,0.0,0.0,0.0,0.0,0.0,0.0,3.0,3.0,16083,0.0
D15002,29790,519,105.0,9417,1776,0.0,1.0,3326,0.0,0.0,0.0,0.0,0.0,1.0,6.0,1.0,415,0.0
D15003,21682,209,950.0,23866,2201,0.0,1.0,2682,0.0,0.0,0.0,0.0,0.0,1.0,2.0,0.0,14114,0.0
D15004,16922,124,239.0,3495,1097,0.0,0.0,970,0.0,0.0,0.0,0.0,0.0,1.0,3.0,0.0,969,0.0
D15005,35995,727,720.0,3587,2761,0.0,1.0,6483,0.0,0.0,0.0,0.0,0.0,0.0,3.0,5.0,4787,0.0
D15006,106057,828,1542.0,5062,4579,0.0,7.0,12171,0.0,0.0,0.0,0.0,0.0,2.0,17.0,0.0,915,1.0
D15007,29972,320,553.0,2409,1413,0.0,1.0,1403,0.0,0.0,0.0,0.0,0.0,0.0,4.0,0.0,153,0.0
D15008,21392,369,100.0,8856,1035,0.0,0.0,1672,0.0,0.0,0.0,0.0,0.0,0.0,5.0,0.0,195,0.0
D15009,18479,66,2215.0,12550,1713,0.0,1.0,2636,0.0,0.0,0.0,0.0,0.0,0.0,0.0,582.0,17141,0.0
D15010,87646,631,1423.0,4791,3802,0.0,6.0,10477,0.0,0.0,0.0,0.0,0.0,1.0,14.0,0.0,814,0.0
D15011,87646,631,1423.0,4791,3802,0.0,6.0,10477,0.0,0.0,0.0,0.0,0.0,1.0,14.0,0.0,814,0.0
D15012,13915,470,292.0,3980,1866,1.0,0.0,2298,0.0,0.0,0.0,0.0,0.0,0.0,1.0,0.0,848,0.0
D15013,87646,631,1423.0,4791,3802,0.0,6.0,10477,0.0,0.0,0.0,0.0,0.0,1.0,14.0,0.0,814,0.0
D15014,111872,1088,1517.0,13665,3562,0.0,3.0,4866,0.0,0.0,0.0,0.0,0.0,1.0,14.0,1.0,689,0.0
D15015,28717,625,255.0,3140,1067,0.0,0.0,1308,0.0,0.0,0.0,0.0,0.0,0.0,7.0,1.0,175,0.0
D15016,140829,774,2132.0,12907,4884,0.0,8.0,12632,0.0,0.0,0.0,0.0,0.0,2.0,17.0,0.0,1175,0.0
D15017,87646,631,1423.0,4791,3802,0.0,6.0,10477,0.0,0.0,0.0,0.0,0.0,1.0,14.0,0.0,814,0.0
D15018,57112,1906,1682.0,26769,3442,0.0,0.0,4985,45.0,0.0,0.0,0.0,0.0,1.0,12.0,0.0,2909,0.0
D15019,53183,143,709.0,8116,1082,0.0,2.0,2155,0.0,0.0,0.0,0.0,0.0,1.0,3.0,0.0,361,0.0
D15020,77073,1211,1086.0,2503,1731,0.0,2.0,7002,0.0,0.0,0.0,0.0,0.0,1.0,9.0,0.0,426,0.0
D15021,28279,903,611.0,6015,3139,1.0,0.0,4952,0.0,0.0,0.0,517.0,0.0,0.0,2.0,0.0,3184,0.0
D15022,55569,174,169.0,3333,1591,0.0,0.0,2486,0.0,0.0,0.0,0.0,0.0,0.0,10.0,1.0,458,2.0
D15023,19038,818,688.0,288,1605,0.0,0.0,2613,62.0,0.0,0.0,0.0,0.0,0.0,2.0,0.0,1243,0.0
D15024,55569,174,169.0,3333,1591,0.0,0.0,2486,0.0,0.0,0.0,0.0,0.0,0.0,10.0,1.0,458,2.0
D15025,19615,627,670.0,11658,1558,0.0,1.0,3126,0.0,0.0,0.0,0.0,0.0,0.0,4.0,0.0,143,0.0
D15026,43327,1655,1562.0,26288,2707,0.0,0.0,4169,45.0,0.0,0.0,0.0,0.0,0.0,12.0,0.0,2262,0.0
D15027,19866,613,608.0,1729,622,0.0,0.0,2734,0.0,0.0,0.0,0.0,0.0,0.0,4.0,0.0,624,0.0
D15028,16493,360,137.0,4449,1531,0.0,2.0,2068,236.0,0.0,0.0,0.0,0.0,0.0,1.0,0.0,3108,0.0
D15029,77073,1211,1086.0,2503,1731,0.0,2.0,7002,0.0,0.0,0.0,0.0,0.0,1.0,9.0,0.0,426,0.0
D15030,25811,722,721.0,12144,1940,0.0,1.0,4472,0.0,0.0,0.0,0.0,0.0,0.0,6.0,1.0,375,0.0
D15031,77073,1211,1086.0,2503,1731,0.0,2.0,7002,0.0,0.0,0.0,0.0,0.0,1.0,9.0,0.0,426,0.0
D15032,13620,248,84.0,4876,1119,0.0,0.0,1598,0.0,0.0,0.0,0.0,0.0,1.0,4.0,0.0,93,1.0
D15033,13722,398,537.0,2685,797,0.0,3.0,2460,0.0,0.0,0.0,0.0,0.0,0.0,3.0,0.0,1408,0.0
D15034,40263,1537,1549.0,25973,2342,0.0,0.0,3966,0.0,0.0,0.0,0.0,0.0,0.0,12.0,0.0,1657,0.0
D15035,24620,1355,976.0,3060,2682,0.0,1.0,5384,388.0,0.0,0.0,466.0,0.0,0.0,6.0,1.0,4639,0.0
D15036,30690,306,1551.0,7505,2648,0.0,15.0,14027,1305.0,0.0,0.0,0.0,0.0,0.0,3.0,5.0,13799,0.0
D15037,17463,314,3.0,3968,1344,0.0,0.0,1394,0.0,0.0,0.0,0.0,0.0,0.0,3.0,0.0,817,1.0
D15038,19369,331,4084.0,5986,2213,0.0,0.0,3798,0.0,0.0,0.0,0.0,0.0,0.0,5.0,0.0,1760,0.0
D15039,29976,935,1041.0,15875,2570,0.0,1.0,4138,0.0,0.0,0.0,0.0,0.0,0.0,4.0,0.0,324,1.0
D15040,20636,375,831.0,13351,2354,0.0,1.0,2187,0.0,0.0,0.0,0.0,0.0,1.0,3.0,169.0,7344,0.0
D15041,16520,332,586.0,1158,1312,0.0,0.0,3348,0.0,0.0,0.0,0.0,0.0,0.0,1.0,0.0,1076,0.0
D16001,22100,275,1170.0,7750,2510,10.0,8.0,6133,978.0,0.0,0.0,0.0,0.0,0.0,107.0,0.0,4660,0.0
D16002,33918,584,161.0,9853,2069,0.0,0.0,5345,0.0,0.0,0.0,0.0,0.0,0.0,2.0,2.0,11459,0.0
D16003,27928,303,627.0,13771,2246,137.0,18.0,13848,458.0,0.0,0.0,0.0,0.0,0.0,1.0,123.0,8219,0.0
D16004,30398,630,550.0,7265,1403,0.0,0.0,2885,182.0,0.0,0.0,0.0,0.0,0.0,411.0,0.0,6863,0.0
D16005,29077,548,252.0,5078,888,0.0,0.0,1566,0.0,0.0,0.0,0.0,0.0,0.0,1.0,1.0,5855,0.0
D16006,26750,395,755.0,13252,3564,0.0,0.0,5258,399.0,0.0,0.0,0.0,0.0,0.0,2.0,87.0,8206,0.0
D16007,33240,691,692.0,7270,2528,0.0,0.0,5928,0.0,0.0,0.0,0.0,0.0,0.0,4.0,967.0,6856,0.0
D16008,52254,2231,8781.0,14344,2277,0.0,7.0,8905,13.0,0.0,0.0,0.0,0.0,1.0,34.0,1.0,2285,0.0
D16009,20545,555,552.0,5757,1110,0.0,0.0,1145,0.0,0.0,0.0,0.0,0.0,0.0,107.0,2.0,659,0.0
D16010,52254,2231,8781.0,14344,2277,0.0,7.0,8905,13.0,0.0,0.0,0.0,0.0,1.0,34.0,1.0,2285,0.0
D16011,26575,677,814.0,9670,1445,2.0,0.0,5625,956.0,0.0,0.0,0.0,0.0,0.0,3005.0,6.0,7383,0.0
D16012,20700,499,414.0,9082,2264,0.0,0.0,6811,738.0,0.0,0.0,0.0,0.0,0.0,90.0,174.0,4978,0.0
D17001,32411,1158,7163.0,2759,673,0.0,6.0,5121,0.0,0.0,0.0,0.0,0.0,0.0,40.0,0.0,114,0.0
D17002,53100,2067,8309.0,5596,1419,0.0,18.0,10362,0.0,0.0,0.0,0.0,0.0,0.0,317.0,0.0,273,0.0
D17003,26562,922,2442.0,4641,2058,0.0,1.0,10135,0.0,0.0,0.0,129.0,0.0,0.0,2707.0,1.0,3110,0.0
D17004,29295,1203,976.0,7454,1842,0.0,11.0,9342,116.0,0.0,0.0,629.0,0.0,0.0,2069.0,0.0,2693,0.0
D17005,23317,733,1411.0,5035,1403,0.0,4.0,7291,0.0,0.0,0.0,260.0,0.0,0.0,815.0,0.0,4097,1.0
D18001,32263,1187,530.0,9089,2320,639.0,0.0,6589,1010.0,0.0,0.0,0.0,0.0,248.0,9.0,477.0,13188,0.0
D18002,27224,2469,1665.0,1682,1769,8.0,0.0,4053,46.0,0.0,0.0,0.0,0.0,57.0,799.0,25.0,726,0.0
D18003,25155,1607,460.0,2193,1407,0.0,0.0,2301,269.0,0.0,0.0,0.0,0.0,592.0,1436.0,4.0,5169,0.0
D19001,21837,141,111.0,213,924,0.0,0.0,167,0.0,0.0,0.0,0.0,0.0,0.0,1.0,0.0,157,0.0
D19002,65064,966,315.0,2391,4786,0.0,0.0,1413,0.0,0.0,0.0,0.0,0.0,0.0,9.0,0.0,473,2.0
D19003,11174,228,68.0,1729,1957,0.0,0.0,386,0.0,0.0,0.0,0.0,0.0,0.0,2.0,0.0,161,0.0
D19004,51800,637,247.0,437,2441,0.0,0.0,977,0.0,0.0,0.0,0.0,0.0,0.0,6.0,0.0,276,1.0
D19005,101662,480,1853.0,4768,3090,0.0,0.0,763,0.0,0.0,0.0,0.0,0.0,0.0,5.0,0.0,422,0.0
D19006,104459,592,1870.0,6162,4043,0.0,0.0,900,0.0,0.0,0.0,0.0,0.0,0.0,7.0,0.0,491,0.0
D19007,118490,725,2124.0,6843,5285,0.0,0.0,1264,76.0,0.0,0.0,0.0,0.0,0.0,11.0,1.0,678,1.0
D19008,58402,838,51.0,1641,3633,0.0,0.0,1083,0.0,0.0,0.0,0.0,0.0,0.0,2.0,1.0,441,0.0
D19009,39555,400,1101.0,4724,2114,0.0,0.0,1545,1319.0,0.0,0.0,0.0,0.0,0.0,0.0,0.0,9784,0.0
D19010,101662,480,1853.0,4768,3090,0.0,0.0,763,0.0,0.0,0.0,0.0,0.0,0.0,5.0,0.0,422,0.0
D19011,149525,1081,1897.0,7157,6234,0.0,0.0,1430,0.0,0.0,0.0,0.0,0.0,0.0,8.0,1.0,733,0.0
D19012,26329,644,32.0,1941,3531,0.0,0.0,959,0.0,0.0,0.0,0.0,0.0,0.0,3.0,0.0,544,0.0
D20001,29113,543,1824.0,10117,4467,48.0,0.0,5626,827.0,0.0,0.0,0.0,0.0,619.0,4339.0,2013.0,8057,7.0
D20002,35158,430,577.0,10760,3956,0.0,0.0,3524,2316.0,0.0,0.0,0.0,0.0,2229.0,87.0,5635.0,20810,0.0
D20003,33504,684,2097.0,9497,2480,0.0,0.0,5264,1061.0,0.0,0.0,0.0,0.0,2.0,5.0,426.0,12914,0.0
D20004,39586,595,724.0,8639,3127,1.0,0.0,3710,2893.0,0.0,0.0,0.0,0.0,3546.0,4.0,2582.0,18953,0.0
D20005,33573,375,1575.0,10280,4020,7.0,0.0,6241,3357.0,0.0,0.0,495.0,0.0,2280.0,2.0,1502.0,23172,0.0
D20006,37938,179,972.0,9211,4226,0.0,6.0,4308,3608.0,0.0,0.0,0.0,0.0,1349.0,1.0,2703.0,26884,0.0
D20007,36617,238,1580.0,8363,4933,44.0,0.0,7502,1704.0,0.0,0.0,1477.0,0.0,693.0,3.0,737.0,17970,0.0
D20008,25907,1218,3273.0,3519,1128,0.0,0.0,5278,1151.0,0.0,0.0,0.0,0.0,2.0,3.0,5.0,501,0.0
D20009,25761,170,1092.0,5519,4113,0.0,0.0,2721,1274.0,0.0,0.0,0.0,0.0,1400.0,0.0,3497.0,24925,0.0
D20010,31191,202,1628.0,14230,4969,0.0,0.0,4174,2225.0,0.0,0.0,0.0,0.0,1891.0,2.0,332.0,24261,0.0
D21001,27629,327,1845.0,19936,3920,0.0,1.0,6512,3044.0,0.0,0.0,0.0,0.0,4430.0,5.0,100.0,3760,546.0
D21002,31709,524,2180.0,11845,4344,0.0,0.0,3631,3713.0,0.0,0.0,0.0,0.0,1657.0,109.0,1263.0,14856,3088.0
D21003,26936,426,2685.0,9857,2606,0.0,0.0,2891,1471.0,0.0,0.0,0.0,0.0,806.0,20.0,696.0,4800,2115.0
D21004,24305,321,375.0,14275,4523,0.0,0.0,1595,3068.0,0.0,0.0,0.0,0.0,713.0,748.0,864.0,15705,0.0
D21005,22764,866,910.0,4157,1997,0.0,0.0,1173,0.0,0.0,0.0,0.0,0.0,1.0,3.0,0.0,6200,0.0
D21006,100704,1844,6987.0,15573,2977,0.0,1.0,5602,293.0,0.0,0.0,0.0,0.0,4.0,42.0,3.0,3243,21.0
D21007,118336,2239,7496.0,20103,5891,0.0,1.0,6370,1160.0,0.0,0.0,1.0,0.0,5.0,74.0,8.0,11648,21.0
D21008,23779,291,1169.0,13040,3498,0.0,1.0,2139,744.0,0.0,0.0,0.0,0.0,235.0,75.0,1.0,21298,780.0
D21009,103840,2079,7301.0,16398,3300,0.0,1.0,5922,293.0,0.0,0.0,0.0,0.0,4.0,44.0,3.0,3288,21.0
D21010,18406,816,541.0,5153,1962,0.0,1.0,1325,0.0,0.0,0.0,0.0,0.0,1.0,9.0,0.0,931,1.0
D21011,100704,1844,6987.0,15573,2977,0.0,1.0,5602,293.0,0.0,0.0,0.0,0.0,4.0,42.0,3.0,3243,21.0
D21012,100704,1844,6987.0,15573,2977,0.0,1.0,5602,293.0,0.0,0.0,0.0,0.0,4.0,42.0,3.0,3243,21.0
D21013,29800,392,442.0,10039,3330,0.0,1.0,1512,448.0,0.0,0.0,26.0,0.0,16.0,3003.0,21.0,6103,0.0
D21014,34485,186,1860.0,7004,4890,0.0,2.0,1474,899.0,0.0,0.0,32.0,0.0,25.0,159.0,184.0,13114,0.0
D21015,20078,789,3449.0,9714,2627,0.0,0.0,2519,86.0,0.0,0.0,0.0,0.0,3.0,22.0,50.0,4401,3.0
D22001,20856,236,319.0,7396,2524,0.0,0.0,2593,2022.0,0.0,0.0,0.0,0.0,0.0,2.0,0.0,5870,0.0
D22002,17700,566,1309.0,8626,1690,0.0,0.0,1954,1192.0,0.0,0.0,1.0,0.0,0.0,3.0,0.0,3367,0.0
D22003,46645,1350,1901.0,9471,2894,0.0,1.0,2597,617.0,0.0,0.0,0.0,0.0,2.0,4.0,0.0,1951,0.0
D22004,46645,1350,1901.0,9471,2894,0.0,1.0,2597,617.0,0.0,0.0,0.0,0.0,2.0,4.0,0.0,1951,0.0
D22005,18645,473,142.0,5404,2267,0.0,0.0,3034,0.0,0.0,0.0,0.0,0.0,0.0,2.0,0.0,5384,0.0
D23001,30089,1106,1118.0,9302,3660,39.0,0.0,4141,589.0,0.0,0.0,0.0,0.0,0.0,17.0,1.0,1745,982.0
D23002,22757,535,2646.0,9745,3095,146.0,1.0,10213,1266.0,0.0,0.0,0.0,0.0,0.0,717.0,3.0,17336,3904.0
D23003,19783,574,986.0,5101,2232,0.0,0.0,2207,0.0,0.0,0.0,0.0,0.0,0.0,10.0,1.0,75,5.0
D23004,26159,771,1100.0,7921,3134,39.0,0.0,3736,589.0,0.0,0.0,0.0,0.0,0.0,16.0,1.0,1146,982.0
D24001,27003,648,556.0,6049,2129,0.0,0.0,723,1470.0,0.0,0.0,0.0,0.0,0.0,2.0,1.0,15217,0.0
D24002,20746,760,845.0,5940,1727,0.0,0.0,725,26.0,0.0,0.0,0.0,0.0,0.0,3.0,0.0,3083,0.0
D24003,33762,560,1186.0,6710,3321,0.0,0.0,2079,1015.0,0.0,0.0,0.0,0.0,0.0,38.0,162.0,13393,0.0
D24004,25172,466,990.0,5833,2592,0.0,0.0,4981,892.0,0.0,0.0,0.0,0.0,0.0,4167.0,0.0,2960,0.0
D24005,47868,1615,2214.0,5112,1698,0.0,0.0,1789,223.0,0.0,0.0,0.0,0.0,0.0,19.0,0.0,1447,0.0
D24006,47868,1615,2214.0,5112,1698,0.0,0.0,1789,223.0,0.0,0.0,0.0,0.0,0.0,19.0,0.0,1447,0.0
D24007,35929,314,1635.0,15213,4812,0.0,0.0,3066,1558.0,0.0,0.0,0.0,0.0,1362.0,492.0,1.0,9283,0.0
D25001,44379,1810,827.0,5400,3018,0.0,0.0,1377,1732.0,0.0,0.0,0.0,0.0,0.0,0.0,0.0,5898,0.0
D25002,29420,1111,2337.0,3374,2611,0.0,0.0,1633,182.0,0.0,0.0,0.0,0.0,0.0,0.0,0.0,1174,0.0
D25003,37659,982,419.0,7492,3363,0.0,0.0,3484,1208.0,0.0,0.0,0.0,0.0,0.0,0.0,0.0,8753,0.0
D25004,35159,819,2086.0,8411,3815,0.0,0.0,1845,969.0,0.0,0.0,0.0,0.0,0.0,0.0,33.0,3835,0.0
D25005,54395,2800,1772.0,6551,5525,0.0,1.0,5301,83.0,0.0,0.0,0.0,0.0,0.0,284.0,0.0,4481,4.0
D25006,93165,4508,2544.0,10416,8018,0.0,1.0,6421,1874.0,0.0,0.0,0.0,0.0,0.0,285.0,1.0,9741,4.0
D25007,54395,2800,1772.0,6551,5525,0.0,1.0,5301,83.0,0.0,0.0,0.0,0.0,0.0,284.0,0.0,4481,4.0
D26001,20996,235,221.0,1887,3271,0.0,12.0,256,783.0,0.0,351.0,0.0,0.0,31.0,6.0,22.0,361,0.0
D26002,20925,212,258.0,799,1137,0.0,0.0,423,56.0,0.0,231.0,0.0,0.0,0.0,2.0,0.0,149,0.0
D26003,45201,1250,1087.0,415,2866,0.0,0.0,2191,26.0,0.0,0.0,0.0,0.0,0.0,0.0,0.0,97,0.0
D26004,27710,462,366.0,1068,2410,0.0,0.0,552,649.0,0.0,0.0,0.0,376.0,0.0,1.0,1.0,882,0.0
D26005,45201,1250,1087.0,415,2866,0.0,0.0,2191,26.0,0.0,0.0,0.0,0.0,0.0,0.0,0.0,97,0.0
D26006,29876,678,665.0,2197,2674,0.0,1.0,721,27.0,0.0,0.0,0.0,0.0,1.0,0.0,0.0,483,0.0
D26007,29017,1054,1824.0,3605,3044,0.0,0.0,1422,426.0,0.0,0.0,0.0,0.0,0.0,0.0,0.0,2601,0.0
D27001,20895,420,1549.0,11810,2308,152.0,0.0,25645,823.0,0.0,0.0,0.0,0.0,0.0,95.0,0.0,6135,24566.0
D27002,21587,389,1496.0,16956,6145,0.0,0.0,14733,1204.0,0.0,0.0,0.0,0.0,0.0,2455.0,0.0,3254,8691.0
D27003,17998,547,5074.0,12629,3331,0.0,0.0,14913,0.0,0.0,0.0,0.0,0.0,0.0,108.0,0.0,1415,4694.0
D27004,33945,1732,6872.0,10474,2351,72.0,0.0,18154,122.0,0.0,0.0,0.0,0.0,0.0,38.0,0.0,980,4133.0
D27005,20932,518,1130.0,9263,2922,45.0,0.0,28198,210.0,0.0,0.0,0.0,0.0,0.0,9.0,0.0,2178,5257.0
D27006,43081,2085,8051.0,12866,3734,153.0,0.0,27610,839.0,0.0,0.0,0.0,0.0,0.0,39.0,0.0,2888,11663.0
D28001,17957,125,422.0,4025,1572,0.0,0.0,717,0.0,69.0,0.0,0.0,0.0,0.0,4.0,0.0,72,0.0
D28002,31661,338,725.0,8964,2905,0.0,0.0,1329,0.0,0.0,0.0,0.0,0.0,0.0,14.0,0.0,1421,2.0
D28003,41302,564,887.0,15400,3173,0.0,0.0,1883,220.0,0.0,0.0,0.0,0.0,0.0,14.0,2.0,6373,0.0
D28004,22866,322,804.0,9088,1695,0.0,0.0,924,0.0,0.0,0.0,0.0,0.0,0.0,13.0,0.0,1079,0.0
D28005,28117,1453,2348.0,4283,2088,13.0,0.0,3200,168.0,0.0,0.0,0.0,0.0,0.0,20.0,0.0,3070,0.0
D28006,35671,544,657.0,4661,3132,55.0,0.0,7911,682.0,0.0,0.0,0.0,0.0,1.0,1101.0,0.0,11057,0.0
D28007,26728,906,1105.0,4491,2445,0.0,0.0,3341,0.0,0.0,0.0,0.0,0.0,0.0,31.0,0.0,750,0.0
D28008,43116,993,1331.0,2303,2103,0.0,0.0,2323,0.0,0.0,0.0,0.0,0.0,0.0,62.0,0.0,242,0.0
D28009,26115,287,649.0,8299,2556,0.0,0.0,972,0.0,0.0,0.0,0.0,0.0,0.0,12.0,0.0,1362,2.0
D29001,24565,1594,938.0,7199,2413,0.0,1.0,9427,71.0,0.0,0.0,0.0,0.0,0.0,0.0,1.0,16740,0.0
D29002,23970,1926,1453.0,5753,1821,0.0,0.0,7357,0.0,0.0,0.0,0.0,0.0,0.0,4.0,0.0,1190,0.0
D29003,33060,1858,1185.0,6016,2010,0.0,0.0,10940,0.0,0.0,0.0,0.0,0.0,0.0,4.0,0.0,9951,0.0
D30001,30577,680,538.0,3317,2062,119.0,0.0,3582,621.0,0.0,0.0,0.0,0.0,1.0,1701.0,11.0,3014,0.0
D30002,35606,292,1157.0,7712,3926,76.0,0.0,4472,4855.0,0.0,0.0,0.0,0.0,299.0,10.0,3580.0,19189,1130.0
D30003,28616,514,2161.0,5806,2527,99.0,0.0,1531,68.0,0.0,0.0,0.0,0.0,1.0,11.0,7.0,2810,1590.0
D30004,43524,689,1695.0,3950,3191,1.0,0.0,2589,223.0,0.0,0.0,0.0,0.0,3.0,192.0,0.0,334,6.0
D30005,27799,461,2260.0,8428,1969,22.0,0.0,3301,0.0,0.0,0.0,0.0,0.0,2.0,2.0,0.0,1111,1094.0
D30006,36787,581,288.0,8535,4146,0.0,0.0,7833,247.0,0.0,0.0,0.0,0.0,499.0,52.0,1.0,4831,6778.0
D30007,30095,228,1206.0,6242,3451,0.0,0.0,5671,168.0,0.0,0.0,0.0,0.0,2448.0,27.0,2.0,4632,1809.0
D30008,64082,1751,6582.0,5941,3620,64.0,0.0,20690,104.0,0.0,0.0,0.0,0.0,6602.0,2695.0,1.0,6815,1060.0
D30009,24734,944,376.0,6466,2958,0.0,0.0,6348,246.0,0.0,0.0,0.0,0.0,2937.0,1024.0,6.0,5679,1674.0
D30010,35394,1084,6267.0,3401,1708,0.0,0.0,11299,0.0,0.0,0.0,0.0,0.0,262.0,257.0,0.0,310,2.0
D30011,27218,219,2342.0,4063,2040,33.0,0.0,3679,0.0,0.0,0.0,0.0,0.0,0.0,26.0,0.0,296,795.0
D30012,63654,986,2622.0,5543,4130,1.0,0.0,3959,223.0,0.0,0.0,0.0,0.0,5.0,571.0,1.0,1614,391.0
D30013,33301,340,3040.0,5156,2335,143.0,0.0,4240,245.0,0.0,0.0,0.0,0.0,2247.0,6998.0,100.0,6851,5343.0
D30014,28050,161,2602.0,8620,3146,273.0,0.0,4447,2445.0,0.0,0.0,0.0,0.0,1.0,19.0,71.0,8033,6459.0
D30015,29997,1103,1358.0,3328,2457,0.0,0.0,5423,66.0,0.0,0.0,0.0,0.0,582.0,634.0,0.0,2701,2949.0
D30016,30389,1541,255.0,3982,2967,0.0,0.0,4009,29.0,0.0,0.0,0.0,0.0,2851.0,2447.0,2.0,871,1329.0
D30017,34712,390,1739.0,4764,2474,137.0,0.0,11225,210.0,0.0,0.0,0.0,0.0,3.0,5666.0,389.0,6325,4988.0
D30018,27553,304,914.0,10407,3150,0.0,0.0,5349,1026.0,0.0,0.0,0.0,0.0,3538.0,3169.0,2116.0,9257,6928.0
D30019,34102,576,1457.0,6576,2364,35.0,0.0,5525,77.0,0.0,0.0,0.0,0.0,33.0,2049.0,16.0,6737,1996.0
D30020,25648,232,414.0,5197,3183,112.0,0.0,7741,2322.0,0.0,0.0,0.0,0.0,627.0,168.0,414.0,6582,5482.0
D31001,31774,592,1673.0,10511,4099,324.0,0.0,4410,401.0,0.0,0.0,0.0,0.0,0.0,0.0,63.0,16043,2865.0
D31002,27857,1653,903.0,3851,4667,15.0,0.0,3757,0.0,0.0,0.0,0.0,0.0,0.0,2.0,0.0,1066,969.0
D31003,67488,2337,1863.0,3803,3759,8.0,0.0,6494,0.0,0.0,0.0,0.0,0.0,0.0,6.0,0.0,123,14.0
D31004,67488,2337,1863.0,3803,3759,8.0,0.0,6494,0.0,0.0,0.0,0.0,0.0,0.0,6.0,0.0,123,14.0
D31005,30917,301,1202.0,9329,4479,53.0,0.0,6956,13.0,0.0,0.0,0.0,0.0,0.0,0.0,0.0,10572,942.0
D32001,25079,833,636.0,4148,2037,221.0,0.0,1883,655.0,0.0,0.0,0.0,0.0,0.0,0.0,0.0,13596,0.0
D32002,39992,906,614.0,3999,1654,278.0,0.0,6063,1683.0,0.0,0.0,0.0,0.0,0.0,0.0,0.0,12774,0.0
D32003,28449,1022,1253.0,4614,1707,275.0,0.0,4618,922.0,0.0,0.0,0.0,0.0,0.0,0.0,0.0,17420,0.0
D32004,22968,1421,906.0,5316,1972,104.0,0.0,4222,640.0,0.0,0.0,0.0,0.0,0.0,0.0,0.0,14947,0.0
