cve_ent,31-12-2019,01-01-2020,02-01-2020,03-01-2020,04-01-2020,05-01-2020,06-01-2020,07-01-2020,08-01-2020,09-01-2020,10-01-2020,11-01-2020,12-01-2020,13-01-2020,14-01-2020,15-01-2020,16-01-2020,17-01-2020,18-01-2020,19-01-2020,20-01-2020,21-01-2020,22-01-2020,23-01-2020,24-01-2020,25-01-2020,26-01-2020,27-01-2020,28-01-2020,29-01-2020,30-01-2020,31-01-2020,01-02-2020,02-02-2020,03-02-2020,04-02-2020,05-02-2020,06-02-2020,07-02-2020,08-02-2020,09-02-2020,10-02-2020,11-02-2020,12-02-2020,13-02-2020,14-02-2020,15-02-2020,16-02-2020,17-02-2020,18-02-2020,19-02-2020,20-02-2020,21-02-2020,22-02-2020,23-02-2020,24-02-2020,25-02-2020,26-02-2020,27-02-2020,28-02-2020,29-02-2020,01-03-2020,02-03-2020,03-03-2020,04-03-2020,05-03-2020,06-03-2020,07-03-2020,08-03-2020,09-03-2020,10-03-2020,11-03-2020,12-03-2020,13-03-2020,14-03-2020,15-03-2020,16-03-2020,17-03-2020,18-03-2020,19-03-2020,20-03-2020,21-03-2020,22-03-2020,23-03-2020,24-03-2020,25-03-2020,26-03-2020,27-03-2020,28-03-2020,29-03-2020,30-03-2020,31-03-2020,01-04-2020,02-04-2020,03-04-2020,04-04-2020,05-04-2020,06-04-2020,07-04-2020,08-04-2020,09-04-2020,10-04-2020,11-04-2020,12-04-2020,13-04-2020,14-04-2020,15-04-2020,16-04-2020,17-04-2020,18-04-2020,19-04-2020,20-04-2020,21-04-2020,22-04-2020,23-04-2020,24-04-2020,25-04-2020,26-04-2020,27-04-2020,28-04-2020,29-04-2020,30-04-2020,01-05-2020,02-05-2020,03-05-2020,04-05-2020,05-05-2020,06-05-2020,07-05-2020,08-05-2020,09-05-2020,10-05-2020,11-05-2020,12-05-2020,13-05-2020,14-05-2020,15-05-2020,16-05-2020,17-05-2020,18-05-2020,19-05-2020,20-05-2020,21-05-2020,22-05-2020,23-05-2020,24-05-2020,25-05-2020,26-05-2020,27-05-2020,28-05-2020,29-05-2020,30-05-2020,31-05-2020,01-06-2020,02-06-2020,03-06-2020,04-06-2020,05-06-2020,06-06-2020,07-06-2020,08-06-2020,09-06-2020,10-06-2020,11-06-2020,12-06-2020,13-06-2020,14-06-2020,15-06-2020,16-06-2020,17-06-2020,18-06-2020,19-06-2020,20-06-2020,21-06-2020,22-06-2020,23-06-2020,24-06-2020,25-06-2020,26-06-2020,27-06-2020,28-06-2020,29-06-2020,30-06-2020,01-07-2020,02-07-2020,03-07-2020,04-07-2020,05-07-2020,06-07-2020,07-07-2020,08-07-2020,09-07-2020,10-07-2020,11-07-2020,12-07-2020,13-07-2020,14-07-2020,15-07-2020,16-07-2020,17-07-2020,18-07-2020,19-07-2020,20-07-2020,21-07-2020,22-07-2020,23-07-2020,24-07-2020,25-07-2020,26-07-2020,27-07-2020,28-07-2020,29-07-2020,30-07-2020,31-07-2020,01-08-2020,02-08-2020,03-08-2020,04-08-2020,05-08-2020,06-08-2020,07-08-2020,08-08-2020,09-08-2020,10-08-2020,11-08-2020,12-08-2020,13-08-2020,14-08-2020,15-08-2020,16-08-2020,17-08-2020,18-08-2020,19-08-2020,20-08-2020,21-08-2020,22-08-2020,23-08-2020,24-08-2020,25-08-2020,26-08-2020,27-08-2020,28-08-2020,29-08-2020,30-08-2020,31-08-2020,01-09-2020,02-09-2020,03-09-2020,04-09-2020,05-09-2020,06-09-2020,07-09-2020,08-09-2020,09-09-2020,10-09-2020,11-09-2020,12-09-2020,13-09-2020,14-09-2020,15-09-2020,16-09-2020,17-09-2020,18-09-2020,19-09-2020,20-09-2020,21-09-2020,22-09-2020,23-09-2020,24-09-2020,25-09-2020,26-09-2020,27-09-2020,28-09-2020,29-09-2020,30-09-2020,01-10-2020,02-10-2020,03-10-2020,04-10-2020,05-10-2020,06-10-2020,07-10-2020,08-10-2020,09-10-2020,10-10-2020,11-10-2020,12-10-2020,13-10-2020,14-10-2020,15-10-2020,16-10-2020,17-10-2020,18-10-2020,19-10-2020,20-10-2020,21-10-2020,22-10-2020,23-10-2020,24-10-2020,25-10-2020,26-10-2020,27-10-2020,28-10-2020,29-10-2020,30-10-2020,31-10-2020,01-11-2020,02-11-2020,03-11-2020,04-11-2020,05-11-2020,06-11-2020,07-11-2020,08-11-2020,09-11-2020,10-11-2020,11-11-2020,12-11-2020,13-11-2020,14-11-2020,15-11-2020,16-11-2020,17-11-2020,18-11-2020,19-11-2020,20-11-2020,21-11-2020,22-11-2020,23-11-2020,24-11-2020,25-11-2020,26-11-2020,27-11-2020,28-11-2020,29-11-2020,30-11-2020,01-12-2020,02-12-2020,03-12-2020,04-12-2020,05-12-2020,06-12-2020,07-12-2020,08-12-2020,09-12-2020,10-12-2020,11-12-2020,12-12-2020,13-12-2020,14-12-2020,15-12-2020,16-12-2020,17-12-2020,18-12-2020,19-12-2020,20-12-2020,21-12-2020,22-12-2020,23-12-2020,24-12-2020,25-12-2020,26-12-2020,27-12-2020,28-12-2020,29-12-2020,30-12-2020,31-12-2020,01-01-2021,02-01-2021,03-01-2021,04-01-2021,05-01-2021,06-01-2021,07-01-2021,08-01-2021,09-01-2021,10-01-2021,11-01-2021,12-01-2021,13-01-2021,14-01-2021,15-01-2021,16-01-2021,17-01-2021,18-01-2021,19-01-2021,20-01-2021,21-01-2021,22-01-2021,23-01-2021,24-01-2021,25-01-2021,26-01-2021,27-01-2021,28-01-2021,29-01-2021,30-01-2021,31-01-2021,01-02-2021,02-02-2021,03-02-2021,04-02-2021,05-02-2021,06-02-2021,07-02-2021,08-02-2021,09-02-2021,10-02-2021,11-02-2021,12-02-2021,13-02-2021,14-02-2021,15-02-2021,16-02-2021,17-02-2021,18-02-2021,19-02-2021,20-02-2021,21-02-2021,22-02-2021,23-02-2021,24-02-2021,25-02-2021,26-02-2021,27-02-2021,28-02-2021,01-03-2021,02-03-2021,03-03-2021,04-03-2021,05-03-2021,06-03-2021,07-03-2021,08-03-2021,09-03-2021,10-03-2021,11-03-2021,12-03-2021,13-03-2021,14-03-2021,15-03-2021,16-03-2021,17-03-2021,18-03-2021,19-03-2021,20-03-2021,21-03-2021,22-03-2021,23-03-2021,24-03-2021,25-03-2021,26-03-2021,27-03-2021,28-03-2021,29-03-2021,30-03-2021,31-03-2021,01-04-2021,02-04-2021,03-04-2021,04-04-2021,05-04-2021,06-04-2021,07-04-2021,08-04-2021,09-04-2021,10-04-2021,11-04-2021,12-04-2021,13-04-2021,14-04-2021,15-04-2021,16-04-2021,17-04-2021,18-04-2021,19-04-2021,20-04-2021,21-04-2021,22-04-2021,23-04-2021,24-04-2021,25-04-2021,26-04-2021,27-04-2021,28-04-2021,29-04-2021,30-04-2021,01-05-2021,02-05-2021,03-05-2021,04-05-2021,05-05-2021,06-05-2021,07-05-2021,08-05-2021,09-05-2021,10-05-2021,11-05-2021,12-05-2021,13-05-2021,14-05-2021,15-05-2021,16-05-2021,17-05-2021,18-05-2021,19-05-2021,20-05-2021,21-05-2021,22-05-2021,23-05-2021,24-05-2021,25-05-2021,26-05-2021,27-05-2021,28-05-2021,29-05-2021,30-05-2021,31-05-2021,01-06-2021,02-06-2021,03-06-2021,04-06-2021,05-06-2021,06-06-2021,07-06-2021
1,0,0,0,0,0,0,0,0,0,0,0,0,0,0,0,0,0,0,0,0,0,0,0,0,0,0,0,0,0,0,0,0,0,0,0,0,0,0,0,0,0,0,0,0,0,0,0,0,0,0,0,0,0,0,0,0,0,0,0,0,0,0,0,0,0,0,0,0,0,0,0,0,0,0,1,1,1,2,5,6,8,9,10,14,14,31,35,41,46,49,53,54,54,55,57,57,59,64,66,67,67,70,71,73,82,84,96,103,121,135,138,155,168,179,200,211,212,219,237,269,287,313,317,320,325,374,387,405,429,441,441,446,458,501,517,541,566,569,576,614,633,662,690,714,732,741,785,821,856,900,943,959,979,1046,1100,1157,1201,1262,1284,1312,1389,1454,1517,1582,1641,1675,1699,1782,1844,1915,1976,2042,2059,2083,2154,2205,2257,2325,2379,2396,2407,2447,2487,2567,2640,2704,2715,2723,2817,2937,2989,3031,3108,3128,3161,3243,3325,3411,3495,3570,3590,3604,3663,3748,3801,3873,3944,3963,3983,4055,4115,4174,4231,4297,4332,4349,4411,4482,4530,4575,4616,4638,4658,4737,4787,4847,4911,4963,4976,5010,5102,5182,5249,5305,5367,5405,5440,5528,5608,5681,5735,5804,5847,5871,5967,6031,6106,6180,6227,6248,6272,6347,6404,6464,6526,6575,6589,6602,6676,6694,6719,6816,6866,6895,6920,7008,7086,7164,7240,7291,7316,7337,7437,7536,7619,7678,7744,7761,7792,7889,7979,8050,8122,8193,8212,8247,8370,8466,8556,8654,8744,8777,8823,8974,9069,9183,9302,9424,9480,9522,9718,9900,10062,10235,10395,10456,10504,10700,10910,11096,11257,11435,11484,11551,11816,12034,12226,12423,12581,12636,12685,12764,13043,13287,13502,13694,13740,13799,14082,14320,14514,14682,14827,14873,14928,15154,15357,15515,15652,15767,15807,15854,16001,16136,16250,16351,16445,16471,16498,16616,16733,16827,16932,17032,17063,17092,17222,17335,17415,17462,17474,17510,17550,17676,17798,17900,17945,17972,18028,18072,18206,18338,18475,18611,18770,18830,18874,19099,19284,19451,19585,19756,19798,19836,20051,20282,20470,20650,20812,20877,20927,21134,21302,21430,21558,21670,21696,21729,21779,21943,22072,22182,22274,22300,22333,22460,22544,22625,22716,22771,22788,22805,22903,22978,23054,23139,23201,23229,23249,23347,23422,23502,23572,23642,23657,23673,23768,23845,23908,23976,24030,24045,24064,24153,24198,24264,24328,24378,24388,24399,24417,24515,24561,24607,24652,24726,24741,24788,24835,24868,24914,24947,25013,25027,25090,25138,25179,25197,25206,25221,25236,25307,25358,25402,25435,25490,25509,25535,25596,25627,25670,25714,25747,25752,25760,25806,25829,25856,25890,25918,25932,25952,25984,26017,26054,26082,26104,26108,26116,26145,26166,26186,26220,26239,26257,26268,26278,26313,26330,26352,26377,26380,26386,26403,26414,26427,26441,26456,26458,26462,26478,26488,26500,26511,26522,26527,26531,26540,26549,26558,26567,26571,26574,26574,26574
2,0,0,0,0,0,0,0,0,0,0,0,0,0,0,0,0,0,0,0,0,0,0,0,0,0,0,0,0,0,0,0,0,0,0,0,0,0,0,0,0,0,0,0,0,0,0,0,0,0,0,0,0,0,0,0,0,0,0,0,0,0,0,0,0,0,0,0,0,0,0,0,1,1,1,1,1,2,5,9,14,20,23,25,35,44,51,63,79,86,109,138,183,251,282,324,352,373,451,494,555,616,673,709,760,844,959,1066,1161,1272,1323,1384,1503,1618,1719,1842,1949,2018,2095,2217,2329,2448,2542,2640,2728,2823,2972,3120,3248,3374,3517,3594,3666,3800,3928,4058,4175,4324,4398,4470,4689,4845,5018,5255,5469,5536,5619,5758,5896,6029,6153,6273,6358,6434,6592,6767,6933,7088,7241,7350,7422,7597,7774,7928,8079,8196,8285,8379,8564,8755,8907,9055,9233,9324,9386,9598,9794,9977,10154,10331,10442,10506,10714,10915,11101,11293,11462,11536,11634,11849,12062,12276,12443,12574,12636,12715,12886,13066,13249,13411,13556,13643,13738,13904,14046,14190,14314,14453,14534,14598,14750,14885,15009,15142,15298,15370,15434,15584,15733,15853,15967,16081,16145,16191,16366,16488,16601,16712,16813,16854,16904,17073,17201,17324,17461,17560,17606,17653,17803,17912,18006,18120,18230,18270,18308,18502,18689,18847,19011,19136,19201,19238,19399,19525,19641,19750,19862,19900,19933,20050,20103,20136,20262,20365,20405,20443,20541,20645,20752,20831,20912,20940,20969,21082,21178,21308,21417,21501,21550,21581,21723,21861,21992,22084,22159,22203,22240,22372,22507,22642,22769,22860,22910,22961,23116,23260,23407,23542,23695,23741,23783,23947,24072,24192,24280,24374,24425,24471,24619,24749,24897,24997,25114,25179,25229,25383,25489,25618,25715,25813,25884,25945,26020,26215,26450,26672,26884,27013,27120,27468,27786,28113,28429,28705,28826,28938,29274,29671,29974,30266,30535,30698,30812,31166,31545,31877,32198,32516,32673,32814,33173,33519,33849,34161,34400,34521,34663,35067,35384,35637,35811,35905,36048,36181,36551,36877,37115,37308,37425,37551,37682,38052,38446,38778,39122,39418,39537,39641,40009,40308,40621,40893,41144,41236,41315,41629,41842,42060,42283,42493,42575,42640,42836,43077,43252,43437,43569,43629,43678,43739,43913,44056,44187,44294,44339,44385,44533,44635,44731,44842,44930,44963,44996,45103,45167,45221,45279,45332,45364,45389,45475,45536,45609,45676,45741,45765,45789,45868,45947,46019,46088,46149,46169,46194,46262,46325,46368,46419,46450,46462,46472,46490,46542,46575,46623,46647,46665,46677,46754,46811,46862,46920,46962,46978,46988,47050,47094,47141,47172,47193,47204,47218,47281,47315,47359,47403,47445,47462,47469,47521,47563,47608,47643,47679,47686,47700,47769,47814,47841,47887,47928,47948,47972,48042,48079,48118,48154,48189,48201,48219,48284,48329,48374,48420,48486,48510,48531,48575,48685,48745,48810,48868,48877,48893,48958,49019,49063,49116,49160,49177,49191,49253,49296,49335,49386,49432,49450,49459,49543,49598,49653,49684,49719,49732,49736,49736
3,0,0,0,0,0,0,0,0,0,0,0,0,0,0,0,0,0,0,0,0,0,0,0,0,0,0,0,0,0,0,0,0,0,0,0,0,0,0,0,0,0,0,0,0,0,0,0,0,0,0,0,0,0,0,0,0,0,0,0,0,0,0,0,0,0,0,0,0,0,0,0,0,0,0,0,0,0,0,1,1,2,3,3,7,9,9,11,15,19,21,35,42,48,59,75,80,85,108,132,156,178,187,194,200,215,232,237,246,252,255,264,271,283,288,297,310,315,322,332,336,340,354,356,364,370,377,389,399,410,419,425,435,442,458,471,479,484,495,498,509,524,541,549,564,571,580,597,611,632,650,672,685,693,729,746,762,784,806,820,840,893,931,979,1007,1032,1054,1075,1126,1156,1202,1250,1269,1303,1321,1352,1398,1451,1505,1546,1591,1625,1691,1749,1821,1891,1954,2010,2059,2148,2260,2351,2478,2595,2632,2681,2809,2929,3062,3178,3268,3332,3371,3527,3636,3751,3893,4000,4066,4105,4280,4435,4551,4706,4806,4873,4914,5075,5221,5373,5496,5605,5687,5730,5871,5992,6118,6260,6391,6446,6493,6635,6773,6869,6905,6983,7058,7107,7249,7348,7454,7575,7643,7695,7759,7888,8003,8137,8250,8354,8412,8451,8586,8712,8816,8899,8992,9057,9085,9184,9275,9330,9419,9533,9597,9616,9723,9807,9891,9973,10065,10122,10141,10235,10333,10412,10496,10567,10610,10637,10737,10819,10888,10977,11071,11119,11141,11253,11347,11423,11518,11636,11693,11716,11830,11922,12024,12105,12202,12260,12279,12393,12488,12575,12660,12726,12761,12786,12871,12941,13023,13095,13153,13182,13206,13321,13406,13483,13575,13640,13671,13692,13723,13808,13900,13991,14063,14102,14132,14234,14336,14423,14519,14594,14640,14672,14787,14911,15019,15109,15209,15255,15277,15388,15507,15607,15746,15863,15938,15965,16118,16270,16399,16537,16657,16724,16750,16883,17024,17150,17257,17274,17366,17409,17594,17805,18020,18169,18204,18323,18371,18581,18859,19127,19400,19659,19768,19830,20084,20335,20553,20781,20966,21079,21146,21381,21650,21881,22101,22363,22479,22533,22820,23065,23276,23464,23630,23695,23737,23798,24036,24254,24443,24605,24675,24720,24912,25065,25162,25288,25371,25422,25454,25560,25646,25748,25864,25941,25980,25992,26119,26225,26305,26393,26462,26495,26518,26611,26681,26743,26829,26890,26918,26937,27019,27084,27135,27205,27259,27287,27308,27326,27427,27494,27567,27672,27705,27730,27839,27956,28032,28132,28213,28269,28288,28366,28450,28527,28594,28624,28666,28693,28814,28903,28999,29070,29138,29188,29202,29306,29381,29470,29546,29597,29640,29666,29758,29821,29895,29958,30024,30056,30083,30146,30218,30287,30358,30413,30438,30462,30533,30593,30647,30710,30770,30798,30822,30866,30945,30998,31046,31122,31145,31161,31232,31307,31380,31452,31561,31606,31639,31765,31867,31998,32083,32204,32247,32296,32439,32561,32704,32795,32889,32934,32962,32964
4,0,0,0,0,0,0,0,0,0,0,0,0,0,0,0,0,0,0,0,0,0,0,0,0,0,0,0,0,0,0,0,0,0,0,0,0,0,0,0,0,0,0,0,0,0,0,0,0,0,0,0,0,0,0,0,0,0,0,0,0,0,0,0,0,0,0,0,0,1,1,1,1,2,2,3,3,3,3,3,3,3,3,3,4,4,4,4,7,7,8,8,8,8,10,11,11,14,17,17,17,19,20,25,27,30,34,38,42,45,51,53,58,65,72,80,84,90,99,108,115,124,132,139,152,166,187,198,217,230,246,261,270,297,320,339,354,372,388,403,422,444,470,490,516,534,549,584,621,651,682,702,721,728,767,791,810,850,891,917,940,984,1044,1116,1191,1227,1256,1277,1379,1463,1571,1659,1758,1813,1851,1959,2053,2142,2236,2336,2388,2438,2511,2604,2675,2769,2830,2862,2900,2980,3073,3169,3268,3377,3430,3492,3615,3692,3810,3925,4025,4071,4122,4239,4346,4434,4520,4605,4641,4665,4736,4820,4891,4958,5019,5057,5089,5142,5208,5259,5306,5333,5350,5366,5408,5437,5475,5513,5527,5539,5553,5584,5628,5662,5687,5749,5763,5774,5807,5837,5858,5885,5930,5938,5944,5977,5994,6022,6046,6063,6066,6073,6091,6103,6114,6124,6156,6167,6174,6188,6191,6195,6205,6246,6249,6255,6277,6283,6297,6312,6329,6338,6343,6359,6373,6386,6400,6420,6420,6425,6443,6450,6463,6470,6489,6491,6492,6505,6518,6531,6543,6565,6571,6573,6591,6601,6606,6622,6632,6634,6638,6669,6683,6701,6708,6727,6728,6728,6737,6742,6762,6769,6774,6780,6785,6797,6805,6817,6829,6848,6851,6857,6862,6874,6896,6900,6919,6921,6927,6952,6964,6991,7013,7026,7029,7030,7049,7064,7081,7095,7114,7120,7122,7140,7152,7173,7178,7205,7214,7217,7253,7271,7302,7318,7342,7344,7350,7371,7380,7408,7429,7434,7445,7448,7480,7493,7511,7527,7533,7538,7543,7583,7612,7643,7665,7705,7714,7720,7751,7773,7816,7845,7876,7886,7895,7924,7953,7986,8015,8051,8067,8079,8122,8152,8185,8209,8257,8264,8273,8279,8305,8333,8350,8367,8371,8373,8398,8413,8440,8452,8471,8475,8482,8497,8508,8521,8541,8555,8567,8576,8606,8618,8640,8654,8674,8678,8686,8711,8730,8749,8771,8802,8810,8816,8845,8863,8881,8895,8908,8917,8920,8928,8950,8977,8988,9000,9003,9010,9023,9040,9064,9085,9095,9107,9110,9143,9165,9176,9185,9192,9200,9211,9221,9233,9255,9264,9276,9279,9286,9304,9319,9328,9342,9355,9357,9360,9409,9414,9427,9447,9461,9467,9475,9488,9510,9546,9576,9609,9613,9622,9662,9678,9692,9721,9737,9745,9746,9762,9783,9806,9834,9848,9866,9880,9907,9937,9981,10017,10048,10061,10081,10108,10139,10163,10193,10216,10229,10242,10282,10319,10349,10366,10387,10389,10391,10391
7,0,0,0,0,0,0,0,0,0,0,0,0,0,0,0,0,0,0,0,0,0,0,0,0,0,0,0,0,0,0,0,0,0,0,0,0,0,0,0,0,0,0,0,0,0,0,0,0,0,0,0,0,0,0,0,0,0,0,0,0,1,1,1,1,1,1,1,1,1,1,1,1,1,1,1,1,1,1,2,2,2,2,2,5,5,7,7,12,13,13,15,17,21,23,28,29,30,35,37,43,46,49,50,50,55,61,67,70,80,84,91,102,111,122,137,150,159,171,192,202,221,235,253,262,276,307,335,370,405,441,464,485,517,564,632,699,781,821,856,951,1016,1092,1196,1294,1349,1399,1545,1677,1804,1947,2076,2148,2220,2376,2522,2643,2756,2885,2957,3032,3172,3305,3415,3515,3625,3693,3757,3853,3947,4061,4158,4241,4294,4336,4434,4520,4618,4707,4795,4839,4885,4956,5012,5078,5132,5194,5236,5259,5300,5344,5380,5411,5453,5474,5502,5590,5695,5747,5805,5847,5868,5936,5989,6025,6075,6103,6155,6173,6199,6247,6289,6322,6344,6384,6407,6424,6454,6493,6540,6575,6592,6604,6620,6649,6670,6689,6724,6745,6754,6765,6792,6814,6835,6864,6900,6914,6923,6937,6960,6976,6987,6995,7000,7007,7025,7046,7058,7071,7086,7095,7102,7121,7136,7154,7180,7190,7199,7203,7221,7234,7237,7256,7271,7280,7284,7306,7320,7333,7349,7354,7363,7375,7392,7407,7418,7434,7446,7451,7454,7468,7478,7487,7496,7504,7512,7516,7534,7542,7550,7567,7573,7576,7577,7593,7597,7604,7614,7620,7623,7628,7636,7645,7650,7658,7661,7662,7663,7667,7671,7674,7678,7682,7684,7686,7693,7703,7719,7738,7742,7745,7746,7751,7767,7783,7795,7808,7809,7814,7829,7836,7842,7853,7862,7866,7870,7885,7906,7923,7942,7965,7972,7976,7997,8019,8040,8067,8093,8097,8112,8146,8166,8196,8226,8248,8261,8271,8305,8331,8359,8375,8380,8399,8411,8428,8452,8480,8497,8507,8526,8543,8578,8619,8663,8721,8770,8793,8819,8887,8942,8988,9030,9072,9087,9116,9168,9202,9244,9278,9313,9323,9337,9382,9431,9477,9523,9579,9610,9635,9657,9694,9730,9740,9764,9771,9779,9801,9828,9852,9883,9909,9919,9924,9939,9959,9974,10002,10017,10024,10031,10051,10067,10086,10099,10114,10117,10121,10145,10161,10189,10203,10221,10225,10235,10259,10274,10316,10339,10354,10364,10374,10382,10404,10417,10436,10455,10457,10469,10482,10501,10512,10525,10542,10552,10555,10571,10589,10608,10619,10622,10624,10630,10655,10674,10710,10740,10764,10776,10783,10802,10819,10830,10851,10867,10875,10883,10906,10916,10932,10953,10974,10983,10986,11017,11042,11057,11069,11086,11091,11096,11118,11134,11155,11178,11191,11194,11198,11205,11230,11246,11265,11281,11288,11294,11314,11339,11350,11361,11380,11386,11397,11422,11436,11453,11488,11506,11520,11525,11554,11564,11593,11617,11642,11652,11658,11658
8,0,0,0,0,0,0,0,0,0,0,0,0,0,0,0,0,0,0,0,0,0,0,0,0,0,0,0,0,0,0,0,0,0,0,0,0,0,0,0,0,0,0,0,0,0,0,0,0,0,0,0,0,0,0,0,0,0,0,0,0,0,0,0,0,0,0,0,0,0,0,0,0,0,1,2,2,2,2,3,5,8,10,13,13,14,17,20,22,24,29,36,43,54,63,69,79,96,111,125,141,157,174,193,210,239,263,292,330,361,393,427,485,539,597,667,731,781,820,893,963,1040,1123,1195,1259,1296,1372,1473,1556,1641,1713,1776,1840,1923,1994,2082,2171,2254,2315,2374,2469,2551,2639,2751,2832,2906,2939,3041,3116,3188,3246,3337,3366,3405,3489,3576,3639,3690,3769,3812,3841,3921,3982,4055,4123,4175,4201,4227,4286,4369,4427,4492,4557,4596,4623,4683,4744,4810,4863,4949,4987,5010,5091,5185,5296,5393,5475,5513,5556,5649,5742,5849,5930,6062,6124,6159,6289,6392,6508,6617,6717,6770,6813,6931,7042,7176,7307,7417,7471,7525,7630,7748,7865,7988,8077,8150,8192,8299,8422,8539,8640,8754,8829,8873,8969,9099,9196,9317,9431,9491,9531,9636,9739,9855,9969,10075,10132,10173,10296,10435,10618,10747,10849,10916,10963,11099,11279,11424,11540,11634,11687,11729,11871,11993,12122,12230,12346,12406,12426,12552,12675,12751,12865,13024,13087,13151,13334,13487,13633,13752,13903,13960,14018,14210,14433,14633,14836,15080,15188,15272,15625,15976,16328,16735,17182,17509,17691,18122,18810,19566,20198,20834,21288,21548,22328,23242,23881,24520,25093,25422,25705,26426,27052,27544,28026,28536,28786,29045,29428,29907,30408,30865,31233,31419,31580,31981,32383,32757,33214,33553,33741,33858,34049,34436,34746,35049,35383,35531,35623,35862,36117,36342,36566,36736,36826,36902,37078,37250,37377,37492,37593,37652,37695,37802,37937,38072,38176,38252,38312,38353,38455,38555,38677,38781,38862,38905,38967,39039,39146,39248,39308,39349,39406,39437,39534,39627,39701,39749,39801,39857,39909,40029,40142,40272,40403,40517,40573,40618,40737,40868,40992,41084,41176,41236,41279,41437,41566,41692,41809,41901,41958,41995,42132,42246,42359,42463,42530,42581,42620,42664,42780,42879,42958,43037,43076,43105,43219,43306,43378,43464,43542,43576,43601,43658,43773,43864,43954,44040,44083,44122,44275,44372,44452,44558,44667,44705,44746,44888,44969,45083,45171,45265,45312,45347,45491,45604,45723,45827,45918,45973,46016,46062,46207,46321,46440,46561,46627,46685,46885,47049,47223,47412,47580,47641,47684,47914,48105,48267,48342,48422,48537,48632,48934,49236,49523,49787,50013,50101,50182,50473,50768,51031,51244,51468,51537,51599,51882,52160,52417,52612,52801,52884,52966,53246,53454,53632,53793,53917,53979,54028,54205,54376,54515,54660,54768,54809,54842,54932,55108,55239,55341,55422,55457,55496,55605,55700,55793,55880,55952,55973,55985,56070,56128,56193,56250,56285,56303,56325,56381,56432,56486,56526,56549,56552,56552,56552
9,0,0,0,0,0,0,0,0,0,0,0,0,0,0,0,0,0,0,0,0,0,0,0,0,0,0,0,0,0,0,0,0,0,0,0,0,0,0,0,0,0,0,0,0,0,0,0,0,0,0,0,0,0,0,0,1,1,2,5,6,6,6,6,9,12,16,17,19,22,24,27,43,66,93,115,125,153,189,221,285,321,343,361,405,469,515,586,651,713,751,829,889,958,1042,1138,1202,1261,1401,1545,1678,1828,2001,2125,2248,2536,2800,3054,3322,3681,3895,4109,4611,5099,5560,5977,6543,6847,7125,7674,8291,8936,9536,9933,10305,10648,11444,12085,12822,13601,14446,14888,15301,16169,17044,17969,18821,19825,20460,20869,22002,23079,24170,25185,26150,26667,27067,28151,29101,30112,30976,31947,32514,32955,34064,35009,36022,36975,37940,38496,38903,39947,40970,41939,42836,43769,44194,44550,45492,46497,47457,48413,49310,49774,50064,50954,51842,52653,53491,54418,54799,55122,56106,57049,58069,58959,59912,60302,60548,61559,62524,63484,64243,65126,65544,65809,66896,67840,69071,70221,71417,72087,72362,73531,74704,75918,77049,78128,78693,78962,80038,81116,82204,83267,84218,84769,85038,85922,86965,87989,88920,89930,90410,90604,91508,92554,93593,94609,95664,96149,96341,97367,98569,99718,100694,101789,102307,102589,103691,104784,106243,107520,108825,109576,109841,110916,112373,113870,115250,116511,117185,117443,118453,119844,121173,122407,123628,124378,124615,125615,126411,126648,127953,129125,129782,130052,131035,132306,133525,134697,135860,136616,136924,138057,139296,140518,141711,142776,143336,143573,144621,145847,147092,148292,149502,150059,150362,151620,152995,154227,155575,157097,157778,158109,159988,161970,163720,165505,167398,168186,168507,170493,172419,174368,176074,177618,178317,178629,179288,181453,183455,185412,187182,188013,188361,190772,193110,195251,197279,199309,200239,200663,201110,203627,205797,207799,209950,211189,211661,214538,217509,220279,223106,226216,227880,228479,232258,236301,240673,245093,249691,252472,253235,258560,263597,268624,273861,279004,281881,282584,287996,293441,298617,303785,309371,312312,313127,318653,324017,329196,333684,334296,336247,337283,343365,349516,355139,360043,360734,362624,363720,370426,377100,383693,390428,397087,400994,402303,409653,416544,423341,429919,436199,439938,441025,447628,454068,459806,465312,470846,473931,475005,480814,486653,491690,496310,500564,502940,503731,504858,509338,513206,516837,520335,522226,522770,526687,529773,532710,535341,538263,539976,540487,543439,546213,548680,551084,553480,554823,555292,558307,561027,563423,565808,568337,569846,570373,573299,575881,578328,580629,582834,584086,584564,587009,589079,590840,592703,594594,595628,596070,596610,598999,600940,602769,604357,605308,605654,607611,609424,610940,612457,613829,614730,615052,616700,618232,619637,620223,620666,620996,621284,622911,624319,625680,626921,628199,629007,629240,630672,631949,633122,634293,635282,635874,636093,637284,638350,639428,640308,641159,641713,641880,642874,643829,644691,645463,646186,646405,646591,647377,647989,648656,649249,649857,650228,650314,650663,651329,651939,652443,653041,653345,653447,654039,654638,655149,655684,656257,656543,656660,657278,657927,658571,659112,659714,659988,660096,660690,661325,661927,662441,662881,663079,663131,663131
5,0,0,0,0,0,0,0,0,0,0,0,0,0,0,0,0,0,0,0,0,0,0,0,0,0,0,0,0,0,0,0,0,0,0,0,0,0,0,0,0,0,0,0,0,0,0,0,0,0,0,0,0,0,0,0,0,0,0,0,1,1,1,1,2,2,2,2,2,2,2,2,4,4,5,5,6,8,10,12,15,19,19,19,21,27,28,32,37,42,51,71,85,108,131,158,169,173,201,210,229,235,251,260,268,284,302,320,326,339,348,357,366,390,404,415,431,437,442,467,487,501,522,537,542,547,573,605,640,663,683,693,708,738,769,785,818,856,872,884,949,1001,1044,1107,1154,1196,1213,1273,1328,1403,1465,1561,1603,1640,1750,1833,1909,1997,2097,2143,2190,2344,2479,2624,2764,2916,2981,3027,3204,3417,3596,3797,4009,4129,4204,4488,4821,5076,5284,5525,5703,5810,6147,6437,6762,7015,7342,7544,7691,8010,8377,8683,8988,9269,9387,9473,9864,10231,10529,10832,11135,11297,11400,11705,12031,12336,12661,13007,13193,13301,13727,14119,14451,14794,15053,15283,15354,15695,16109,16471,16830,17173,17384,17470,17865,18253,18550,18858,19165,19380,19516,19800,20091,20402,20702,21099,21258,21365,21680,21958,22291,22559,22813,22941,22995,23233,23468,23669,23855,24046,24142,24235,24436,24648,24811,24959,25097,25166,25234,25418,25540,25637,25835,25984,26072,26119,26329,26511,26686,26853,27017,27143,27207,27396,27637,27855,28052,28247,28374,28480,28735,29055,29300,29534,29777,29932,30037,30350,30729,30996,31297,31577,31753,31917,32324,32754,33167,33598,34008,34241,34410,34801,35185,35525,35896,36216,36388,36491,36815,37226,37579,37926,38288,38493,38638,39049,39545,40000,40393,40738,40952,41078,41266,41652,42035,42347,42672,42851,42968,43278,43619,43932,44228,44552,44681,44804,45094,45436,45716,46035,46335,46455,46542,46811,47142,47420,47722,47971,48119,48211,48540,48878,49215,49559,49798,49949,50076,50380,50732,51042,51253,51307,51455,51604,51932,52291,52605,52871,52945,53126,53297,53723,54120,54522,55007,55449,55611,55741,56106,56554,56918,57295,57689,57833,57998,58435,58896,59278,59679,60047,60187,60308,60679,61115,61435,61789,62069,62184,62260,62357,62639,62864,63079,63298,63359,63407,63659,63867,64025,64174,64299,64342,64376,64466,64605,64709,64816,64956,65004,65042,65163,65278,65383,65481,65580,65616,65650,65760,65851,65954,66044,66116,66149,66176,66253,66324,66397,66444,66495,66514,66530,66553,66610,66674,66716,66751,66767,66778,66845,66925,66961,67000,67067,67083,67107,67163,67216,67252,67270,67286,67302,67320,67390,67426,67463,67493,67536,67547,67560,67637,67684,67716,67751,67813,67832,67847,67886,67920,67949,67981,68010,68022,68032,68068,68101,68135,68176,68212,68226,68235,68277,68315,68344,68379,68403,68424,68432,68451,68490,68517,68549,68567,68577,68582,68616,68640,68663,68690,68716,68720,68726,68767,68793,68824,68854,68876,68886,68890,68906,68934,68961,68980,68998,69005,69006,69006
6,0,0,0,0,0,0,0,0,0,0,0,0,0,0,0,0,0,0,0,0,0,0,0,0,0,0,0,0,0,0,0,0,0,0,0,0,0,0,0,0,0,0,0,0,0,0,0,0,0,0,0,0,0,0,0,0,0,0,0,0,0,0,0,0,0,0,0,0,0,0,0,0,0,0,1,1,2,2,2,2,2,2,2,2,3,3,3,3,3,3,4,5,7,7,7,7,7,7,7,7,7,7,8,10,10,10,11,13,16,17,18,19,20,21,24,27,28,28,30,30,30,33,34,34,36,39,43,44,45,47,50,51,53,59,63,75,79,82,87,94,102,111,115,123,127,134,142,149,154,161,169,175,179,190,202,212,220,231,242,246,259,274,286,302,315,326,334,349,373,389,405,432,443,460,481,504,525,550,577,593,605,627,649,685,703,737,750,765,798,834,867,903,963,991,1014,1071,1130,1179,1252,1303,1346,1381,1444,1509,1588,1660,1722,1763,1804,1854,1924,1978,2041,2085,2111,2144,2220,2293,2358,2426,2484,2518,2553,2623,2694,2773,2845,2924,2966,3008,3081,3143,3218,3301,3371,3416,3460,3539,3623,3693,3751,3811,3846,3877,3958,4010,4057,4093,4137,4160,4182,4234,4280,4312,4353,4403,4423,4450,4500,4547,4571,4616,4681,4720,4756,4814,4890,4947,5017,5064,5101,5126,5201,5271,5345,5399,5454,5489,5510,5567,5631,5687,5759,5834,5866,5894,5943,5999,6049,6095,6169,6205,6232,6275,6324,6363,6399,6435,6456,6472,6511,6563,6602,6637,6672,6691,6709,6739,6768,6802,6832,6856,6875,6888,6918,6949,6980,6990,7002,7005,7012,7018,7048,7083,7107,7121,7136,7142,7168,7191,7211,7235,7256,7270,7285,7309,7331,7357,7383,7399,7415,7426,7451,7473,7498,7519,7536,7552,7568,7592,7600,7630,7654,7670,7688,7703,7733,7760,7789,7817,7829,7855,7879,7917,7958,7989,8025,8044,8060,8110,8148,8189,8232,8301,8374,8412,8455,8531,8592,8654,8703,8755,8797,8829,8891,8965,9053,9128,9195,9223,9260,9321,9362,9426,9478,9540,9563,9578,9609,9674,9727,9773,9831,9859,9878,9939,9990,10023,10050,10075,10100,10115,10153,10180,10206,10230,10259,10272,10285,10324,10342,10369,10388,10414,10426,10435,10451,10468,10490,10509,10521,10534,10544,10571,10595,10610,10620,10639,10646,10656,10670,10693,10708,10724,10746,10754,10760,10771,10781,10793,10805,10811,10819,10830,10848,10857,10862,10870,10879,10883,10887,10905,10916,10942,10959,10973,10984,10991,11010,11027,11047,11072,11092,11106,11117,11133,11143,11163,11176,11188,11212,11233,11249,11275,11295,11313,11338,11347,11361,11384,11408,11443,11471,11489,11508,11524,11547,11574,11603,11637,11658,11670,11682,11703,11721,11741,11775,11791,11805,11819,11836,11851,11863,11885,11898,11921,11938,11961,11980,12008,12017,12024,12034,12041,12041
10,0,0,0,0,0,0,0,0,0,0,0,0,0,0,0,0,0,0,0,0,0,0,0,0,0,0,0,0,0,0,0,0,0,0,0,0,0,0,0,0,0,0,0,0,0,0,0,0,0,0,0,0,0,0,0,0,0,0,0,0,0,0,0,0,0,0,0,0,0,0,0,1,1,2,3,3,3,4,5,5,5,6,6,7,8,9,9,9,9,9,13,15,16,16,16,17,17,18,18,19,20,20,21,21,21,21,24,26,26,28,38,42,46,49,51,53,58,66,71,74,83,85,91,98,105,109,112,117,128,139,141,142,148,160,170,183,201,206,215,233,241,264,285,309,316,332,359,382,410,434,468,506,519,558,599,635,680,765,788,809,880,951,1001,1063,1118,1139,1158,1231,1324,1396,1477,1532,1549,1566,1642,1752,1844,1914,2002,2060,2099,2158,2244,2360,2423,2493,2518,2539,2613,2683,2761,2867,2939,2970,2996,3101,3190,3276,3361,3452,3486,3503,3605,3717,3811,3899,3966,3988,4027,4133,4235,4325,4403,4489,4527,4545,4654,4733,4820,4924,4991,5017,5039,5138,5263,5355,5456,5548,5566,5585,5704,5821,5893,5997,6099,6134,6160,6296,6403,6521,6627,6739,6760,6787,6926,7066,7239,7347,7459,7485,7520,7645,7755,7863,7964,8079,8098,8121,8219,8295,8310,8418,8537,8558,8589,8740,8848,8957,9054,9163,9178,9200,9321,9433,9561,9675,9794,9809,9831,9993,10139,10342,10522,10694,10723,10759,11045,11257,11454,11716,11939,12000,12052,12384,12711,13064,13389,13702,13798,13883,14262,14691,15038,15340,15629,15703,15764,16025,16367,16752,17042,17308,17386,17461,17811,18128,18419,18734,19017,19157,19204,19337,19728,20052,20337,20636,20707,20784,21152,21500,21732,22033,22319,22361,22438,22705,22953,23186,23384,23553,23573,23600,23790,23983,24133,24278,24423,24455,24485,24668,24838,24982,25123,25256,25276,25296,25434,25585,25707,25770,25778,25802,25825,25967,26141,26274,26357,26366,26388,26405,26568,26748,26898,27079,27229,27256,27286,27453,27674,27824,27989,28117,28151,28176,28323,28481,28620,28750,28878,28911,28937,29096,29242,29357,29463,29552,29563,29592,29603,29759,29880,29966,30038,30055,30074,30197,30284,30374,30435,30484,30505,30529,30610,30654,30723,30776,30820,30832,30857,30949,31013,31069,31115,31164,31176,31188,31270,31330,31384,31445,31489,31506,31522,31600,31659,31709,31747,31808,31816,31824,31848,31934,31999,32058,32105,32113,32129,32191,32241,32296,32339,32373,32387,32403,32456,32501,32524,32547,32554,32570,32579,32672,32738,32799,32856,32904,32929,32940,32997,33058,33091,33149,33185,33200,33213,33269,33314,33346,33399,33432,33441,33454,33498,33542,33567,33603,33622,33630,33640,33679,33711,33729,33761,33789,33794,33796,33807,33852,33876,33911,33935,33943,33948,33990,34018,34045,34062,34086,34088,34090,34115,34144,34167,34200,34219,34223,34238,34260,34279,34295,34306,34312,34313,34316,34316
11,0,0,0,0,0,0,0,0,0,0,0,0,0,0,0,0,0,0,0,0,0,0,0,0,0,0,0,0,0,0,0,0,0,0,0,0,0,0,0,0,0,0,0,0,0,0,0,0,0,0,0,0,0,0,0,0,0,0,0,0,0,1,4,7,10,14,18,22,24,25,26,30,30,31,31,33,35,41,53,54,59,71,75,82,83,87,96,103,107,108,113,120,121,123,128,131,135,146,152,161,163,166,173,175,178,182,195,209,239,251,261,276,286,299,308,321,332,340,365,383,397,413,427,437,449,482,505,536,573,617,644,667,711,764,805,857,893,927,948,1002,1071,1129,1194,1251,1303,1323,1444,1541,1648,1790,1936,2035,2105,2289,2464,2645,2868,3040,3169,3252,3450,3684,3875,4084,4300,4429,4514,4862,5178,5513,5841,6220,6417,6533,6931,7341,7737,8042,8419,8627,8750,9162,9589,10005,10432,10863,11089,11228,11714,12234,12740,13259,13717,13910,14082,14657,15221,15848,16406,16854,17090,17246,17747,18404,18971,19508,20022,20255,20443,21051,21693,22182,22730,23169,23340,23491,24030,24484,24867,25231,25665,25851,25964,26403,26849,27287,27741,28138,28308,28418,28786,29150,29594,30020,30500,30661,30813,31330,31752,32224,32665,33101,33308,33465,34036,34509,34894,35295,35719,35843,35984,36400,36854,37245,37670,38079,38211,38332,38831,39092,39247,39556,39858,39968,40050,40341,40618,40826,41086,41305,41388,41464,41785,42031,42310,42584,42888,42947,43009,43217,43430,43699,43973,44251,44343,44429,44742,45043,45325,45619,45928,46037,46142,46532,46985,47413,47797,48206,48364,48490,49036,49604,50044,50467,50869,51010,51146,51401,51887,52364,52863,53338,53526,53705,54253,54852,55456,56023,56611,56901,57046,57291,58058,58742,59470,60214,60514,60700,61535,62476,63284,64155,65000,65351,65595,66387,67339,68176,68989,69702,69967,70171,71042,71960,72822,73753,74439,74790,75002,75995,76874,77624,78316,78950,79257,79550,80367,81200,81847,82283,82439,82742,83033,83932,84818,85647,86246,86429,86736,87040,87917,88983,90064,91016,91993,92417,92797,94060,95282,96446,97661,98822,99258,99572,100700,101795,102821,103827,104673,105109,105398,106387,107340,108077,108919,109696,110040,110340,110705,111526,112279,113014,113791,114147,114417,115174,115829,116340,116788,117248,117427,117580,118062,118488,118895,119349,119775,119929,120043,120547,120895,121219,121588,121943,122113,122223,122616,122921,123186,123430,123708,123829,123910,124197,124404,124637,124884,125107,125227,125284,125398,125724,125948,126161,126360,126440,126508,126814,127033,127231,127474,127692,127753,127836,128067,128185,128291,128377,128444,128523,128588,128775,128906,129051,129161,129269,129322,129363,129537,129649,129748,129829,129885,129913,129938,130052,130137,130235,130322,130403,130451,130486,130619,130704,130783,130849,130896,130921,130950,131017,131069,131115,131205,131255,131274,131301,131329,131383,131434,131485,131528,131560,131572,131640,131676,131739,131775,131804,131838,131855,131901,131930,131966,132002,132018,132027,132037,132078,132098,132127,132149,132164,132167,132168,132168
12,0,0,0,0,0,0,0,0,0,0,0,0,0,0,0,0,0,0,0,0,0,0,0,0,0,0,0,0,0,0,0,0,0,0,0,0,0,0,0,0,0,0,0,0,0,0,0,0,0,0,0,0,0,0,0,0,0,0,0,0,0,0,0,0,0,0,0,0,0,0,0,0,0,2,2,2,4,9,10,10,10,11,12,13,13,16,20,23,26,27,29,34,37,38,39,41,44,52,63,70,77,82,87,99,116,123,128,140,153,162,168,184,191,204,223,249,262,280,306,334,366,385,400,441,471,526,564,616,659,700,738,772,823,890,945,1024,1090,1145,1189,1321,1441,1589,1727,1858,1924,1999,2129,2244,2369,2486,2590,2653,2742,2901,3014,3132,3263,3384,3483,3554,3708,3827,3975,4128,4285,4370,4471,4615,4767,4881,4994,5127,5180,5256,5441,5560,5655,5790,5916,6062,6239,6489,6743,7006,7304,7576,7768,7926,8081,8234,8350,8491,8629,8670,8799,8969,9134,9271,9442,9565,9680,9809,10050,10196,10346,10568,10767,10867,10959,11161,11344,11487,11684,11853,11983,12046,12233,12456,12678,12840,12981,13046,13089,13269,13403,13510,13661,13774,13855,13902,14041,14167,14308,14414,14504,14569,14630,14754,14899,15000,15122,15254,15296,15337,15484,15642,15816,15970,16135,16197,16278,16507,16688,16850,17010,17195,17283,17360,17565,17758,17827,18017,18175,18262,18312,18502,18698,18907,19063,19188,19252,19314,19490,19684,19851,19965,20082,20139,20194,20370,20503,20654,20780,20882,20932,20971,21105,21213,21350,21463,21541,21568,21594,21711,21806,21894,21988,22048,22078,22113,22204,22266,22312,22384,22443,22473,22492,22522,22609,22664,22732,22779,22809,22831,22911,22973,23044,23112,23157,23182,23198,23232,23300,23364,23413,23475,23505,23527,23640,23727,23790,23856,23967,23993,24017,24095,24178,24248,24318,24372,24419,24458,24567,24654,24734,24828,24910,24966,25018,25168,25280,25383,25498,25591,25614,25646,25754,25844,25935,26020,26040,26084,26115,26312,26464,26579,26693,26732,26777,26834,27016,27203,27392,27579,27782,27880,27965,28326,28654,28888,29148,29399,29490,29575,29876,30190,30486,30748,30958,31046,31119,31437,31668,31901,32165,32392,32460,32546,32622,32894,33062,33292,33470,33534,33578,33757,33891,34017,34169,34287,34318,34358,34497,34631,34728,34824,34913,34953,34988,35118,35220,35317,35416,35519,35554,35593,35720,35837,35944,36049,36142,36186,36226,36350,36455,36524,36607,36692,36728,36754,36798,36883,36978,37071,37156,37183,37218,37308,37398,37492,37561,37618,37642,37673,37766,37857,37930,37977,38033,38063,38087,38195,38288,38349,38437,38539,38570,38593,38704,38808,38882,38959,39035,39053,39086,39159,39234,39292,39372,39442,39473,39491,39572,39638,39708,39784,39842,39875,39895,39980,40064,40133,40231,40286,40318,40338,40397,40487,40561,40601,40646,40663,40675,40711,40755,40812,40859,40913,40919,40932,40988,41037,41082,41126,41159,41164,41170,41205,41236,41258,41274,41287,41297,41297,41297
13,0,0,0,0,0,0,0,0,0,0,0,0,0,0,0,0,0,0,0,0,0,0,0,0,0,0,0,0,0,0,0,0,0,0,0,0,0,0,0,0,0,0,0,0,0,0,0,0,0,0,0,0,0,0,0,0,0,0,1,1,1,1,1,1,1,1,1,1,1,1,1,1,1,1,1,2,2,4,4,4,7,10,10,11,12,17,21,25,25,27,34,41,46,47,50,52,54,57,60,61,61,68,71,76,84,93,99,105,115,121,135,154,167,183,203,223,246,266,292,320,349,380,406,429,456,494,524,565,604,641,668,696,748,806,853,920,1002,1057,1084,1165,1235,1313,1409,1490,1543,1583,1674,1746,1829,1922,1996,2043,2085,2180,2260,2326,2394,2460,2514,2543,2630,2740,2819,2893,2992,3038,3082,3164,3237,3309,3387,3476,3533,3561,3636,3718,3805,3890,3980,4025,4067,4163,4247,4357,4449,4527,4567,4601,4705,4793,4883,4959,5049,5098,5148,5270,5379,5489,5606,5714,5788,5845,6028,6177,6309,6443,6574,6650,6723,6858,6992,7113,7250,7383,7460,7541,7692,7829,7991,8127,8270,8372,8443,8571,8710,8844,8996,9123,9203,9275,9388,9492,9615,9755,9882,9955,10026,10189,10330,10450,10562,10665,10736,10801,10918,11019,11136,11226,11317,11362,11409,11514,11592,11705,11786,11889,11937,11987,12094,12168,12228,12321,12413,12457,12492,12613,12725,12810,12892,12975,13026,13051,13142,13228,13309,13385,13461,13511,13558,13641,13729,13835,13915,13983,14022,14070,14169,14257,14362,14481,14579,14633,14701,14832,14947,15065,15168,15278,15359,15423,15570,15679,15799,15935,16040,16090,16148,16249,16382,16500,16635,16726,16787,16865,17013,17168,17289,17416,17534,17599,17673,17774,17942,18071,18196,18331,18392,18475,18663,18819,19003,19189,19349,19415,19482,19661,19817,19999,20205,20379,20463,20573,20768,20983,21177,21400,21578,21700,21802,22040,22289,22485,22695,22907,23004,23116,23340,23546,23720,23872,23956,24048,24164,24393,24624,24876,25051,25159,25285,25441,25786,26115,26400,26797,27108,27293,27444,27782,28085,28419,28740,28996,29146,29265,29532,29795,30057,30317,30580,30705,30868,31160,31391,31668,31855,32051,32167,32275,32351,32524,32677,32806,32935,33008,33078,33232,33349,33442,33553,33635,33699,33752,33847,33930,34039,34129,34212,34259,34304,34410,34520,34625,34722,34810,34860,34913,35037,35141,35240,35312,35400,35442,35486,35583,35649,35728,35802,35869,35902,35922,35964,36051,36119,36192,36274,36304,36332,36423,36486,36557,36624,36676,36695,36722,36809,36872,36924,36970,36998,37022,37056,37150,37227,37306,37360,37415,37463,37493,37565,37641,37725,37774,37850,37885,37911,37989,38043,38105,38151,38196,38215,38234,38286,38326,38365,38403,38437,38450,38462,38499,38523,38547,38584,38616,38627,38637,38646,38668,38689,38703,38717,38723,38740,38756,38773,38790,38815,38839,38847,38863,38891,38915,38933,38969,38992,39004,39011,39042,39064,39075,39090,39109,39122,39128,39128
14,0,0,0,0,0,0,0,0,0,0,0,0,0,0,0,0,0,0,0,0,0,0,0,0,0,0,0,0,0,0,0,0,0,0,0,0,0,0,0,0,0,0,0,0,0,0,0,0,0,0,0,0,0,0,0,0,0,0,0,0,0,0,0,0,0,0,0,0,0,0,0,1,4,7,12,14,26,32,49,60,65,66,69,78,86,93,100,107,109,111,119,126,129,137,147,149,151,155,161,170,175,183,188,193,203,207,218,229,243,250,254,265,282,307,327,359,369,378,401,415,437,463,478,507,523,554,576,600,651,675,703,725,777,817,847,904,972,992,1024,1084,1163,1227,1292,1368,1412,1449,1548,1680,1828,1960,2123,2255,2343,2581,2776,2979,3161,3384,3490,3572,3840,4092,4352,4585,4783,4910,5018,5258,5478,5703,5936,6140,6293,6402,6648,6885,7088,7272,7505,7660,7780,7983,8222,8440,8666,8892,9041,9147,9398,9652,9877,10090,10336,10491,10620,10926,11246,11522,11796,12074,12256,12372,12708,13021,13299,13527,13749,13881,14018,14353,14598,14841,15069,15270,15416,15529,15798,16041,16320,16571,16819,16946,17067,17337,17574,17815,18057,18266,18388,18503,18818,19075,19303,19539,19745,19870,19981,20253,20515,20801,21044,21289,21380,21497,21825,22078,22352,22624,22849,22950,23060,23403,23698,23975,24215,24440,24535,24660,24989,25176,25294,25625,25876,25996,26100,26437,26780,27086,27385,27680,27774,27878,28179,28536,28842,29097,29331,29446,29530,29800,30074,30373,30601,30844,30941,31060,31381,31684,31998,32282,32550,32693,32816,33220,33567,33890,34165,34397,34521,34621,34990,35289,35596,35869,36109,36266,36359,36648,36974,37260,37535,37803,37898,37990,38322,38634,38954,39236,39531,39664,39776,39960,40316,40696,41036,41317,41471,41603,42052,42408,42822,43207,43538,43736,43857,44256,44677,45109,45487,45806,45957,46091,46488,46845,47226,47576,47940,48175,48317,48764,49136,49574,49981,50314,50469,50658,51156,51556,51909,52241,52409,52648,52899,53475,54025,54532,54905,55105,55422,55709,56412,57164,58020,58788,59713,60095,60449,61543,62383,63256,63968,64716,65049,65366,66221,66981,67739,68430,69040,69340,69632,70406,71057,71673,72196,72654,72855,73028,73286,73733,74203,74549,74850,74993,75116,75476,75787,76089,76390,76670,76758,76855,77191,77440,77684,77931,78141,78217,78294,78580,78850,79111,79336,79533,79597,79678,79948,80133,80330,80501,80653,80707,80771,80952,81109,81238,81366,81484,81538,81576,81631,81819,81941,82065,82197,82246,82290,82441,82547,82648,82760,82849,82899,82944,83081,83184,83283,83334,83383,83437,83496,83629,83779,83886,84001,84119,84182,84233,84361,84457,84554,84646,84734,84773,84809,84925,85029,85114,85190,85272,85307,85337,85459,85544,85632,85708,85763,85784,85807,85906,85981,86071,86155,86210,86242,86272,86312,86406,86468,86519,86566,86587,86603,86659,86709,86772,86806,86857,86875,86899,86971,87036,87078,87138,87181,87195,87216,87275,87317,87377,87439,87464,87470,87470,87470
15,0,0,0,0,0,0,0,0,1,1,1,1,1,1,2,2,2,2,2,2,2,4,4,4,4,5,5,5,5,5,6,6,6,6,6,6,6,6,6,6,6,6,6,6,6,6,6,6,6,6,6,6,6,6,6,6,6,6,6,7,8,8,9,11,12,13,13,13,15,16,19,22,26,37,41,51,58,65,71,96,122,133,148,172,217,252,296,350,386,412,471,510,577,633,700,744,795,900,984,1090,1171,1279,1366,1458,1637,1818,2032,2243,2421,2597,2777,3065,3373,3653,3960,4319,4560,4822,5251,5664,6047,6390,6730,7020,7332,7881,8299,8702,9213,9702,10028,10346,11030,11683,12337,12958,13713,14131,14497,15288,15931,16670,17395,18184,18569,18996,19876,20622,21442,22182,22943,23393,23785,24697,25555,26537,27384,28252,28712,29182,30282,31233,32189,32977,33755,34163,34584,35507,36396,37207,37998,38784,39194,39505,40280,40943,41665,42282,43002,43323,43630,44508,45153,46008,46704,47417,47777,48063,48818,49482,50179,50705,51418,51704,51960,52715,53365,54139,54797,55483,55802,56105,56967,57812,58609,59228,59893,60194,60414,61157,61811,62505,63153,63773,64088,64324,65066,65753,66466,67060,67682,67957,68175,68909,69508,70133,70750,71321,71602,71779,72460,73081,73586,74119,74733,74978,75198,75822,76476,77025,77653,78248,78484,78649,79357,79983,80658,81238,81820,82075,82254,82942,83611,84182,84826,85401,85652,85847,86522,86945,87131,87804,88442,88663,88882,89544,90090,90705,91220,91817,92038,92202,92770,93312,93832,94349,94779,94965,95110,95525,95931,96360,96734,97097,97300,97449,97904,98388,98799,99244,99686,99893,100071,100583,101131,101558,102056,102568,102741,102925,103471,104008,104520,105060,105561,105757,105936,106271,106871,107384,107863,108355,108609,108842,109486,110141,110837,111422,111968,112263,112479,112748,113493,114203,114813,115499,115823,116087,116945,117815,118651,119491,120385,120827,121120,122122,123219,124352,125527,126778,127406,127788,129359,130972,132356,133774,135212,136034,136422,138130,139806,141455,142985,144487,145176,145603,147263,148895,150341,151625,152056,152642,153128,154817,156539,158135,159432,159922,160531,161053,162831,164794,166796,168913,170799,171614,172168,174356,176422,178355,180366,182180,183043,183660,185628,187574,189456,191348,193148,193963,194431,196328,198068,199672,201191,202577,203263,203699,204102,205649,206960,208161,209200,209710,210011,211274,212337,213336,214255,215092,215504,215731,216652,217631,218447,219304,220070,220436,220683,221661,222443,223177,223867,224620,224947,225199,226223,227002,227768,228421,229120,229398,229625,230440,231122,231699,232256,232799,233057,233208,233386,234138,234709,235230,235741,235953,236135,236776,237324,237827,238313,238732,238919,239038,239619,240071,240466,240629,240780,240928,241056,241679,242124,242498,242911,243328,243530,243660,244154,244573,244898,245239,245536,245683,245782,246128,246457,246739,246989,247204,247361,247447,247788,248049,248283,248567,248744,248827,248894,249140,249372,249548,249715,249881,249939,250002,250105,250329,250483,250634,250825,250957,251024,251180,251317,251446,251613,251727,251857,251903,252080,252223,252348,252466,252584,252652,252732,252881,253022,253139,253240,253326,253376,253414,253414
16,0,0,0,0,0,0,0,0,0,0,0,0,0,0,0,0,0,0,0,0,0,0,0,0,0,0,0,0,0,0,0,0,0,0,0,0,0,0,0,0,0,0,0,0,0,0,0,0,0,0,0,0,0,0,0,0,0,0,0,0,0,0,0,0,0,0,0,0,0,0,0,0,0,0,0,0,0,0,1,2,4,9,9,12,15,17,20,21,22,25,25,29,34,35,41,43,45,51,57,61,70,73,75,79,92,108,117,125,142,149,158,186,199,212,231,255,282,302,334,364,387,413,437,453,480,523,544,580,610,654,699,724,793,851,952,1029,1132,1175,1202,1269,1336,1438,1517,1612,1633,1668,1786,1888,1978,2091,2219,2266,2312,2481,2607,2755,2902,3034,3107,3149,3339,3536,3690,3863,4062,4141,4190,4393,4590,4790,4954,5197,5320,5370,5589,5786,5957,6112,6216,6287,6318,6491,6660,6780,6900,7028,7071,7104,7245,7380,7504,7621,7739,7813,7860,8006,8151,8289,8417,8580,8669,8721,8912,9088,9256,9459,9643,9725,9794,10007,10246,10457,10641,10824,10908,10962,11166,11357,11554,11758,11969,12065,12135,12396,12662,12880,13049,13265,13357,13425,13716,13964,14195,14443,14657,14742,14813,15113,15356,15593,15814,16048,16139,16222,16526,16834,17082,17349,17564,17670,17757,18016,18271,18510,18771,18954,19030,19103,19352,19567,19657,19892,20068,20147,20202,20435,20639,20856,21042,21232,21307,21365,21595,21809,21957,22117,22261,22348,22388,22554,22731,22877,23010,23129,23201,23250,23465,23644,23781,23927,24082,24141,24186,24372,24587,24731,24872,24986,25040,25088,25252,25414,25562,25703,25824,25869,25907,26009,26153,26319,26455,26561,26607,26659,26811,26972,27101,27244,27377,27423,27456,27524,27708,27853,27997,28099,28155,28205,28342,28521,28672,28831,28975,29047,29096,29273,29464,29657,29793,29940,29988,30039,30228,30404,30551,30722,30894,30967,31018,31250,31487,31685,31880,32054,32130,32194,32448,32676,32860,33014,33093,33168,33258,33588,33892,34185,34427,34516,34661,34779,35119,35511,35887,36182,36465,36572,36661,36998,37402,37767,38043,38289,38410,38547,38909,39232,39530,39807,40077,40201,40308,40641,40938,41149,41378,41552,41633,41716,41829,42037,42217,42371,42510,42592,42635,42772,42886,42975,43066,43156,43210,43256,43352,43438,43525,43616,43690,43739,43778,43876,43956,44026,44097,44177,44231,44277,44360,44454,44527,44609,44690,44719,44753,44843,44912,44972,45018,45083,45107,45130,45175,45257,45328,45399,45477,45505,45532,45605,45678,45761,45827,45883,45926,45948,46026,46111,46201,46227,46265,46287,46317,46441,46533,46625,46701,46759,46798,46827,46920,46988,47053,47122,47168,47195,47225,47301,47365,47423,47483,47535,47559,47576,47644,47702,47761,47834,47874,47896,47917,47974,48035,48091,48142,48200,48226,48229,48260,48323,48364,48402,48437,48456,48475,48525,48558,48579,48610,48634,48646,48663,48694,48710,48729,48752,48772,48784,48800,48815,48837,48849,48861,48873,48877,48878,48878
17,0,0,0,0,0,0,0,0,0,0,0,0,0,0,0,0,0,0,0,0,0,0,0,0,0,0,0,0,0,0,0,0,0,0,0,0,0,0,0,0,0,0,0,0,0,0,0,0,0,0,0,0,0,0,0,0,0,0,0,0,0,0,0,0,0,0,0,0,0,1,1,1,2,2,3,3,3,4,5,5,6,7,7,9,12,12,14,15,18,19,22,23,26,35,36,40,43,52,59,70,78,83,85,89,98,111,122,131,144,153,171,205,227,262,293,330,345,380,431,463,515,558,594,623,673,733,787,845,895,947,977,1014,1086,1145,1209,1256,1314,1343,1370,1423,1480,1535,1595,1667,1699,1723,1803,1885,1937,1999,2051,2078,2110,2177,2233,2292,2343,2403,2430,2453,2542,2598,2651,2711,2771,2811,2842,2908,2969,3019,3061,3124,3149,3167,3203,3249,3310,3343,3381,3397,3416,3470,3505,3547,3589,3626,3641,3653,3698,3738,3769,3808,3853,3870,3892,3947,3990,4030,4073,4116,4132,4150,4201,4242,4281,4325,4362,4384,4406,4464,4515,4564,4621,4671,4692,4710,4754,4808,4841,4891,4939,4954,4975,5032,5089,5136,5184,5230,5252,5263,5319,5371,5403,5455,5482,5500,5508,5559,5607,5650,5693,5734,5750,5759,5816,5850,5881,5913,5945,5963,5969,6004,6042,6076,6115,6136,6142,6155,6198,6225,6237,6276,6302,6314,6328,6370,6406,6434,6458,6490,6500,6502,6533,6574,6598,6646,6677,6691,6702,6767,6815,6860,6905,6930,6951,6966,7020,7057,7106,7136,7181,7195,7207,7238,7277,7316,7351,7385,7403,7411,7454,7496,7520,7545,7565,7578,7590,7633,7679,7713,7755,7793,7813,7826,7885,7953,8003,8044,8089,8106,8122,8135,8191,8243,8292,8330,8351,8357,8427,8484,8539,8597,8632,8661,8692,8771,8860,8925,8995,9037,9065,9085,9153,9251,9336,9431,9498,9528,9550,9636,9722,9796,9874,9959,9999,10039,10148,10268,10389,10464,10495,10556,10625,10805,11007,11248,11417,11472,11689,11913,12147,12391,12676,12976,13297,13556,13632,14004,14312,14566,14981,15359,15657,15720,16104,16527,17071,17518,17986,18452,18501,19208,19809,20299,20788,21184,21619,21657,21700,22220,22654,23103,23530,23799,23842,24259,24395,24631,24733,24812,24857,24890,25131,25414,25600,25705,25889,25923,25956,26171,26360,26569,26770,26983,27040,27097,27431,27562,27669,27831,27971,28032,28106,28291,28534,28709,28880,28992,29037,29079,29148,29311,29439,29564,29690,29740,29773,29929,30031,30139,30218,30309,30348,30378,30499,30617,30682,30719,30770,30795,30818,30929,31003,31096,31192,31251,31281,31305,31451,31522,31616,31691,31792,31815,31838,31955,32024,32108,32206,32310,32334,32360,32455,32587,32688,32796,32893,32910,32932,33018,33081,33154,33223,33289,33303,33319,33367,33407,33451,33502,33533,33540,33549,33583,33608,33633,33657,33670,33674,33682,33708,33730,33755,33768,33788,33792,33800,33816,33834,33838,33844,33853,33854,33854,33854
18,0,0,0,0,0,0,0,0,0,0,0,0,0,0,0,0,0,0,0,0,0,0,0,0,0,0,0,0,0,0,0,0,0,0,0,0,0,0,0,0,0,0,0,0,0,0,0,0,0,0,0,0,0,0,0,0,0,0,0,0,0,0,0,1,1,1,1,1,1,1,1,1,1,2,2,2,2,2,3,4,4,4,4,6,9,9,9,9,10,10,10,12,12,12,13,17,19,21,23,25,27,27,30,34,38,40,42,45,49,52,54,55,59,63,69,73,76,82,93,108,115,128,135,150,165,182,205,222,237,243,250,259,279,297,312,331,347,350,357,375,399,417,436,462,475,483,502,532,566,599,629,651,662,686,729,765,792,829,852,869,911,953,986,1031,1090,1116,1137,1186,1222,1264,1312,1360,1390,1423,1499,1548,1596,1639,1689,1734,1759,1820,1877,1940,1993,2053,2096,2114,2192,2257,2300,2359,2438,2480,2511,2586,2639,2703,2769,2829,2881,2920,2999,3072,3157,3225,3306,3337,3368,3452,3512,3563,3617,3681,3719,3747,3815,3880,3940,3990,4039,4083,4121,4190,4246,4319,4388,4443,4482,4507,4562,4621,4671,4706,4753,4784,4806,4892,4944,4999,5038,5069,5090,5115,5161,5222,5260,5308,5338,5358,5379,5437,5481,5520,5552,5580,5592,5621,5668,5690,5709,5759,5801,5827,5848,5893,5936,5970,6015,6035,6050,6063,6103,6142,6166,6203,6227,6237,6253,6288,6308,6333,6358,6392,6407,6424,6453,6485,6506,6533,6559,6575,6587,6622,6654,6675,6690,6700,6708,6720,6743,6774,6795,6807,6821,6829,6838,6860,6885,6902,6927,6944,6958,6969,6987,7015,7033,7047,7066,7074,7079,7086,7106,7123,7140,7153,7158,7177,7201,7235,7253,7273,7294,7306,7314,7336,7357,7386,7415,7431,7443,7454,7479,7493,7520,7540,7563,7574,7582,7614,7642,7656,7674,7702,7713,7724,7756,7776,7796,7817,7828,7846,7865,7912,7948,7985,8014,8031,8057,8082,8161,8220,8277,8336,8404,8455,8495,8592,8684,8782,8870,8941,9003,9045,9129,9236,9347,9456,9554,9613,9649,9750,9842,9940,10019,10064,10103,10131,10154,10196,10257,10296,10335,10364,10384,10425,10467,10504,10532,10566,10585,10598,10623,10647,10674,10700,10731,10742,10748,10774,10807,10839,10875,10892,10902,10909,10934,10958,10970,10986,11011,11023,11032,11056,11076,11098,11118,11136,11146,11161,11165,11188,11206,11220,11233,11247,11252,11271,11281,11298,11306,11311,11315,11320,11335,11348,11354,11364,11374,11379,11389,11412,11438,11458,11482,11500,11513,11525,11544,11563,11581,11596,11613,11620,11626,11654,11670,11681,11701,11718,11725,11729,11749,11761,11781,11796,11823,11833,11848,11867,11887,11904,11928,11946,11951,11954,11967,11983,11992,12000,12020,12028,12031,12047,12071,12094,12107,12122,12133,12139,12160,12172,12183,12191,12199,12204,12218,12237,12247,12264,12274,12283,12286,12286,12286
19,0,0,0,0,0,0,0,0,0,0,0,0,0,0,0,0,0,0,0,0,0,0,0,0,0,0,0,0,0,0,0,0,0,0,0,0,0,0,0,0,0,0,0,0,0,0,0,0,0,0,0,0,0,0,0,0,0,0,0,0,0,0,0,0,1,1,1,1,1,1,5,10,11,17,23,23,29,36,48,52,64,68,72,77,82,84,85,93,95,98,103,103,103,109,111,114,115,125,133,142,143,166,174,189,209,228,236,248,257,263,265,278,296,313,319,326,332,340,360,388,410,439,466,488,497,537,598,625,650,682,710,730,773,809,877,915,991,1021,1033,1081,1121,1182,1218,1270,1306,1333,1417,1537,1609,1676,1747,1792,1812,1897,1993,2070,2201,2351,2430,2475,2681,2837,3063,3269,3520,3714,3817,4108,4327,4509,4741,4950,5125,5230,5529,5842,6153,6467,6793,7005,7182,7583,7964,8397,8750,9102,9343,9544,10082,10585,11041,11535,11991,12314,12557,13143,13732,14312,14876,15395,15644,15838,16410,16996,17514,18126,18674,18948,19083,19307,19670,19963,20318,20660,20786,20894,21267,21677,22057,22412,22819,23030,23194,23578,23949,24322,24724,25079,25283,25444,25873,26262,26684,27082,27412,27644,27791,28220,28767,29306,29842,30327,30572,30735,31163,31652,32112,32584,33001,33180,33314,33755,34283,34734,35065,35406,35584,35710,36207,36514,36725,37265,37704,37932,38104,38639,39156,39625,40092,40505,40718,40870,41471,41953,42337,42725,43090,43323,43477,44057,44609,45187,45666,46170,46460,46661,47361,47966,48469,48979,49513,49809,50000,50551,51067,51627,52059,52562,52829,53011,53540,54028,54471,54939,55380,55603,55767,56258,56812,57353,57946,58726,59141,59429,60137,60863,61480,62099,62727,63098,63389,63659,64260,64775,65339,65917,66208,66393,66941,67433,67961,68495,68990,69307,69467,70008,70508,70930,71342,71716,71941,72066,72573,73179,73763,74343,74956,75332,75596,76320,77014,77639,78191,78667,78950,79183,79892,80581,81144,81632,81818,82163,82450,83256,84084,84831,85547,85708,86238,86624,87660,88821,89775,90816,91860,92360,92662,93602,94594,95445,96374,97447,97918,98240,99211,100320,101306,102250,103212,103637,103911,104827,105778,106620,107439,108052,108416,108588,108813,109343,109946,110472,110911,111111,111220,111727,112138,112573,112883,113185,113285,113347,113554,113776,114018,114237,114461,114571,114668,114948,115216,115450,115694,115907,116001,116067,116319,116527,116715,116895,117074,117164,117228,117419,117586,117747,117933,118073,118134,118180,118250,118442,118578,118680,118781,118832,118859,118971,119077,119148,119240,119350,119390,119420,119567,119675,119781,119833,119872,119919,119945,120076,120179,120280,120399,120478,120513,120539,120664,120775,120855,120949,121028,121063,121079,121163,121247,121307,121378,121481,121522,121547,121635,121723,121796,121869,121931,121953,121979,122080,122169,122261,122334,122433,122478,122505,122566,122663,122750,122826,122917,122968,122986,123103,123183,123270,123366,123487,123516,123540,123681,123816,123891,124015,124116,124154,124182,124294,124390,124467,124563,124642,124664,124672,124672
20,0,0,0,0,0,0,0,0,0,0,0,0,0,0,0,0,0,0,0,0,0,0,0,0,0,0,0,0,0,0,0,0,0,0,0,0,0,0,0,0,0,0,0,0,0,0,0,0,0,0,0,0,0,0,0,0,0,0,0,0,0,0,0,0,0,0,0,0,0,0,0,0,1,3,3,4,4,4,4,5,6,7,8,10,11,14,17,18,19,21,23,29,30,30,33,36,38,43,43,48,49,51,53,55,60,64,71,76,84,90,93,99,103,112,120,137,145,157,167,185,197,209,224,235,250,274,308,334,359,382,397,426,483,549,618,684,764,830,847,968,1045,1124,1226,1310,1394,1433,1540,1622,1714,1840,1961,2078,2127,2282,2446,2595,2791,2976,3135,3191,3374,3535,3711,3868,4021,4181,4254,4451,4610,4803,4983,5160,5302,5358,5570,5761,5932,6121,6310,6452,6534,6729,6915,7143,7361,7573,7744,7803,8070,8309,8514,8687,8893,9017,9084,9264,9471,9631,9813,9993,10114,10185,10388,10570,10749,10908,11076,11201,11259,11434,11586,11756,11896,12043,12123,12161,12305,12480,12622,12739,12840,12944,12973,13103,13215,13339,13474,13596,13690,13724,13847,13984,14078,14173,14282,14364,14393,14543,14645,14747,14871,14944,15020,15043,15146,15272,15363,15490,15587,15689,15715,15850,15983,16134,16258,16340,16506,16541,16675,16822,16945,17103,17192,17308,17340,17509,17662,17804,17901,18012,18122,18166,18349,18509,18625,18756,18864,18969,19029,19160,19316,19464,19589,19721,19856,19913,20037,20186,20324,20437,20568,20645,20683,20810,20921,21054,21166,21268,21362,21427,21540,21681,21763,21865,21962,22018,22051,22100,22249,22366,22455,22561,22634,22663,22820,22961,23083,23202,23307,23384,23458,23534,23659,23770,23873,23947,24016,24069,24187,24296,24402,24498,24572,24652,24682,24846,24983,25139,25284,25414,25504,25558,25723,25852,26001,26124,26315,26429,26463,26649,26817,26988,27172,27339,27483,27556,27787,27991,28243,28417,28472,28669,28752,29032,29283,29547,29729,29783,30025,30135,30483,30823,31167,31498,31821,32065,32183,32575,32834,33131,33382,33675,33864,33961,34240,34596,34854,35101,35328,35462,35570,35841,36114,36363,36589,36761,36899,36979,37113,37326,37542,37745,37947,38089,38152,38381,38557,38774,38934,39104,39217,39273,39460,39632,39795,39937,40075,40183,40242,40459,40615,40835,40992,41197,41303,41354,41591,41796,41944,42092,42210,42298,42360,42516,42697,42846,42994,43088,43139,43182,43268,43380,43485,43603,43760,43838,43874,43967,44082,44172,44282,44357,44421,44455,44571,44654,44739,44801,44837,44895,44930,45028,45117,45188,45253,45305,45344,45362,45460,45532,45597,45664,45715,45751,45769,45837,45876,45925,45984,46039,46068,46092,46168,46216,46282,46324,46380,46411,46427,46476,46511,46591,46647,46697,46735,46751,46781,46828,46870,46893,46920,46944,46954,46991,47029,47069,47097,47119,47135,47149,47186,47223,47271,47292,47321,47340,47352,47380,47399,47416,47435,47448,47454,47457,47457
21,0,0,0,0,0,0,0,0,1,1,1,1,1,1,1,1,1,1,1,1,1,1,1,1,1,1,1,1,2,2,2,2,2,2,2,2,2,2,2,2,2,2,2,2,2,2,2,2,2,2,2,2,2,2,2,2,2,2,2,2,2,2,2,2,2,2,2,2,2,2,2,3,5,9,12,15,19,24,30,37,42,46,48,56,72,78,94,105,119,125,143,170,190,213,228,239,250,277,291,317,334,342,357,362,387,405,434,456,487,511,530,562,586,613,645,690,734,759,795,841,893,942,985,1028,1068,1116,1153,1205,1272,1328,1380,1418,1497,1572,1665,1774,1881,1962,2031,2164,2295,2416,2566,2741,2890,2974,3146,3308,3495,3659,3818,3939,4003,4202,4380,4581,4796,5009,5137,5237,5549,5796,6048,6349,6673,6863,7011,7453,7870,8295,8814,9243,9465,9636,10136,10553,10926,11401,11777,11983,12127,12496,12863,13214,13505,13790,13984,14125,14468,14830,15186,15545,15879,16072,16247,16688,17127,17558,17971,18381,18588,18769,19266,19644,20032,20406,20755,21002,21126,21576,21923,22271,22629,22889,23041,23151,23468,23766,24074,24405,24673,24850,24954,25251,25544,25810,26059,26292,26428,26514,26771,27000,27215,27407,27601,27742,27823,28089,28311,28524,28724,28929,29017,29116,29322,29516,29694,29870,30037,30149,30220,30398,30554,30730,30902,31028,31101,31153,31334,31455,31530,31705,31842,31924,31980,32163,32336,32462,32584,32732,32815,32880,33036,33134,33244,33372,33519,33567,33621,33768,33894,34031,34137,34264,34335,34380,34550,34677,34815,34973,35117,35196,35252,35443,35600,35743,35890,36063,36159,36229,36395,36547,36691,36859,37007,37080,37126,37241,37422,37567,37708,37868,37959,38009,38196,38354,38557,38754,38917,39026,39098,39179,39421,39607,39827,39993,40106,40177,40393,40622,40838,41050,41283,41444,41517,41759,42029,42313,42575,42824,42998,43082,43368,43609,43928,44195,44487,44676,44782,45096,45421,45806,46112,46435,46655,46821,47255,47649,47999,48341,48455,48693,48891,49377,49836,50321,50672,50850,51191,51428,51994,52585,53243,53813,54486,54960,55299,55988,56712,57321,57946,58524,58960,59218,59907,60547,61082,61653,62218,62605,62874,63441,64011,64526,64970,65391,65717,65930,66172,66619,67043,67415,67769,68019,68178,68628,68952,69251,69600,69912,70085,70239,70609,70908,71166,71443,71711,71895,72043,72369,72710,72969,73270,73563,73765,73910,74262,74518,74794,75073,75302,75462,75581,75876,76131,76347,76577,76834,77003,77106,77243,77506,77716,77950,78158,78300,78424,78668,78874,79059,79231,79413,79532,79622,79834,80023,80168,80295,80392,80490,80586,80788,80948,81112,81282,81446,81547,81624,81807,81955,82100,82245,82359,82440,82506,82646,82768,82900,83012,83115,83182,83238,83362,83463,83561,83647,83746,83788,83827,83958,84052,84132,84203,84245,84295,84330,84367,84433,84488,84547,84606,84638,84659,84722,84789,84840,84895,84937,84969,84985,85031,85088,85127,85164,85200,85229,85247,85291,85324,85370,85395,85422,85441,85447,85447
22,0,0,0,0,0,0,0,0,0,0,0,0,0,0,0,0,0,0,0,0,0,0,0,0,0,0,0,0,0,0,0,0,0,0,0,0,0,0,0,0,0,0,0,0,0,0,0,0,0,0,0,0,0,0,0,0,0,0,0,0,0,0,0,0,0,0,0,0,0,0,2,3,4,6,7,7,7,8,10,13,13,14,14,17,22,24,25,29,31,32,33,37,41,42,46,47,47,51,56,60,63,65,68,69,78,86,89,97,104,107,109,114,116,123,132,143,144,146,149,159,171,177,185,197,202,212,223,232,247,273,299,318,365,399,428,469,518,546,563,609,671,713,750,788,810,822,875,914,950,981,1018,1045,1066,1105,1155,1202,1248,1284,1314,1342,1395,1438,1477,1510,1552,1587,1609,1668,1714,1758,1798,1827,1859,1877,1928,1968,2010,2049,2093,2117,2142,2203,2255,2307,2371,2403,2428,2462,2517,2593,2657,2723,2782,2830,2862,2949,3010,3103,3176,3256,3303,3335,3419,3494,3568,3638,3694,3743,3780,3865,3951,4038,4116,4195,4243,4274,4373,4463,4536,4640,4725,4768,4804,4926,5017,5114,5184,5286,5349,5402,5503,5588,5708,5801,5892,5944,5974,6113,6249,6387,6500,6605,6690,6751,6897,7058,7166,7277,7401,7458,7503,7613,7725,7832,7899,7990,8026,8068,8173,8245,8277,8363,8438,8495,8539,8657,8765,8882,8977,9065,9112,9151,9281,9391,9508,9636,9746,9805,9850,9971,10082,10199,10331,10495,10577,10652,10852,11060,11252,11472,11676,11788,11879,12174,12407,12586,12812,13012,13154,13262,13532,13768,13979,14196,14392,14556,14662,14929,15179,15460,15757,16042,16216,16416,16712,17042,17407,17729,17994,18179,18404,18538,18865,19214,19510,19876,20088,20290,20781,21220,21608,22040,22417,22663,22892,23307,23715,24165,24584,24940,25206,25436,25832,26242,26627,27071,27593,27811,28026,28502,28888,29330,29742,30074,30249,30411,30842,31175,31660,31970,32146,32339,32551,33098,33607,34026,34373,34580,34816,35058,35721,36204,36838,37518,38143,38435,38676,39376,40046,40699,41369,41894,42212,42473,43304,43985,44655,45324,45975,46268,46469,47128,47785,48365,48916,49306,49532,49739,49921,50368,50829,51267,51642,51854,51991,52392,52770,53066,53357,53630,53775,53893,54258,54571,54891,55219,55538,55734,55855,56219,56630,56960,57311,57609,57773,57928,58372,58677,59002,59320,59627,59754,59883,60236,60531,60883,61164,61403,61542,61654,61779,62074,62318,62525,62747,62860,62956,63213,63448,63630,63836,63991,64071,64126,64319,64437,64623,64732,64800,64880,64953,65200,65419,65602,65768,65911,65996,66048,66218,66362,66474,66594,66713,66763,66810,66963,67112,67253,67360,67475,67528,67573,67719,67818,67915,67989,68076,68090,68111,68242,68337,68393,68459,68509,68530,68551,68589,68670,68724,68765,68825,68837,68844,68887,68918,68952,68979,69010,69028,69039,69075,69118,69145,69182,69199,69207,69216,69249,69262,69273,69292,69310,69311,69312,69312
23,0,0,0,0,0,0,0,0,0,0,0,0,0,0,0,0,0,0,0,0,0,0,0,0,0,0,0,0,0,0,0,0,0,0,0,0,0,0,0,0,0,0,0,0,0,0,0,0,0,0,0,0,0,0,0,0,0,0,0,0,0,0,0,0,0,0,0,0,0,0,0,2,3,3,7,7,10,14,16,21,22,25,29,32,39,49,59,66,73,76,98,113,137,150,164,174,185,220,244,272,283,306,326,349,372,389,410,441,475,522,547,594,638,674,723,748,780,812,857,901,940,974,1006,1078,1109,1145,1173,1215,1256,1284,1305,1328,1377,1415,1442,1482,1504,1523,1536,1584,1621,1667,1707,1755,1795,1820,1869,1901,1944,1993,2040,2066,2088,2133,2196,2240,2278,2317,2340,2369,2424,2475,2533,2588,2639,2672,2724,2816,2880,2945,3013,3095,3133,3187,3296,3388,3470,3573,3710,3774,3840,4015,4166,4294,4449,4579,4655,4715,4909,5070,5244,5415,5570,5658,5735,5929,6117,6268,6417,6556,6628,6696,6877,7030,7205,7356,7510,7575,7635,7821,7967,8123,8245,8372,8438,8509,8646,8773,8884,8991,9090,9130,9184,9325,9417,9516,9591,9667,9714,9769,9877,9950,10016,10093,10176,10203,10242,10362,10436,10521,10600,10665,10695,10744,10839,10918,10985,11036,11089,11117,11144,11227,11297,11345,11391,11421,11439,11454,11521,11562,11587,11644,11700,11735,11766,11843,11913,11968,12024,12088,12121,12147,12247,12301,12361,12422,12481,12501,12520,12605,12662,12682,12731,12790,12817,12843,12892,12950,13000,13046,13092,13111,13123,13168,13223,13254,13292,13322,13345,13364,13401,13444,13496,13520,13566,13589,13602,13637,13678,13710,13735,13766,13782,13799,13828,13864,13891,13915,13950,13965,13977,13990,14021,14065,14086,14130,14144,14157,14214,14269,14323,14373,14436,14452,14467,14523,14587,14646,14703,14746,14767,14786,14845,14889,14936,14972,15042,15065,15087,15155,15237,15293,15352,15405,15433,15457,15540,15622,15667,15707,15722,15779,15814,15877,15961,16051,16110,16134,16183,16233,16333,16476,16581,16700,16817,16876,16920,17034,17210,17324,17419,17518,17559,17598,17691,17806,17905,18024,18154,18264,18301,18431,18548,18637,18755,18865,18928,18953,18990,19085,19161,19237,19310,19333,19350,19417,19479,19522,19563,19595,19634,19653,19717,19785,19834,19876,19931,19961,19979,20044,20085,20113,20155,20193,20209,20230,20284,20330,20363,20405,20439,20458,20472,20509,20540,20579,20613,20653,20677,20694,20729,20791,20826,20869,20906,20936,20958,21022,21078,21123,21159,21208,21237,21258,21297,21345,21391,21421,21447,21477,21512,21582,21643,21701,21762,21831,21878,21909,21990,22051,22134,22206,22275,22335,22393,22488,22573,22676,22748,22827,22889,22933,23040,23162,23266,23370,23481,23540,23601,23740,23878,24000,24114,24234,24309,24380,24474,24622,24798,24972,25127,25202,25270,25446,25606,25778,25922,26077,26171,26240,26437,26601,26770,26931,27070,27170,27255,27471,27674,27857,28033,28182,28264,28281,28281
24,0,0,0,0,0,0,0,0,0,0,0,0,0,0,0,0,0,0,0,0,0,0,0,0,0,0,0,0,0,0,0,0,0,0,0,0,0,0,0,0,0,0,0,0,0,0,0,0,0,0,0,0,0,0,0,0,0,0,0,0,0,0,0,0,0,0,0,0,0,0,0,0,0,2,2,2,3,9,10,13,16,20,21,23,23,23,24,31,32,38,41,43,43,43,43,46,48,51,56,58,62,63,66,66,67,68,70,72,80,81,81,82,86,89,94,100,108,111,126,144,153,164,178,192,201,228,244,278,291,317,329,348,379,402,428,463,490,516,531,565,593,633,670,725,746,767,816,855,914,952,1002,1026,1044,1095,1149,1226,1305,1381,1438,1487,1603,1696,1780,1858,1918,1949,1972,2085,2187,2301,2394,2491,2541,2582,2707,2838,2957,3080,3187,3282,3325,3462,3604,3753,3907,4079,4157,4215,4425,4621,4826,5058,5331,5507,5612,5966,6321,6743,7106,7513,7732,7977,8397,8807,9194,9593,9993,10240,10384,10785,11192,11567,11866,12217,12423,12547,12914,13246,13598,13939,14228,14411,14523,14830,15089,15368,15625,15896,16043,16196,16519,16812,17094,17359,17648,17809,17909,18228,18493,18770,18969,19180,19293,19408,19699,19944,20219,20438,20639,20724,20785,21019,21217,21403,21587,21791,21857,21926,22174,22310,22378,22567,22775,22870,22935,23162,23380,23582,23724,23891,23971,24028,24207,24335,24500,24629,24800,24879,24946,25155,25370,25579,25769,26002,26156,26248,26487,26790,27018,27237,27441,27543,27646,27924,28248,28491,28707,28945,29081,29176,29390,29644,29849,30080,30241,30354,30433,30589,30785,31011,31247,31436,31571,31630,31940,32220,32467,32772,33000,33134,33228,33337,33621,33891,34167,34421,34532,34604,34857,35187,35451,35688,35917,36053,36130,36384,36639,36855,37062,37260,37367,37435,37624,37893,38083,38269,38487,38582,38651,38900,39174,39384,39610,39803,39905,39991,40282,40517,40767,40916,40957,41068,41174,41392,41658,41903,42081,42162,42319,42448,42770,43160,43553,43936,44380,44625,44794,45294,45730,46158,46591,47015,47277,47497,48017,48574,49137,49642,50128,50384,50554,51121,51680,52163,52571,52967,53171,53276,53461,53861,54201,54497,54729,54875,54956,55290,55496,55671,55861,56031,56151,56232,56395,56533,56690,56856,57007,57078,57136,57300,57459,57604,57752,57875,57959,57994,58205,58379,58525,58645,58758,58859,58906,59055,59159,59284,59375,59496,59583,59619,59691,59815,59931,60025,60120,60160,60193,60307,60393,60484,60565,60645,60693,60731,60845,60928,61023,61081,61132,61179,61205,61316,61431,61549,61648,61736,61823,61854,61963,62072,62152,62245,62324,62359,62385,62472,62539,62623,62701,62771,62818,62837,62914,62974,63044,63103,63141,63167,63191,63240,63308,63362,63431,63496,63532,63552,63604,63654,63705,63761,63805,63835,63850,63913,63956,63990,64017,64066,64083,64091,64144,64181,64224,64263,64312,64331,64347,64396,64444,64479,64499,64521,64530,64532,64532
25,0,0,0,0,0,0,0,0,0,0,0,0,0,0,0,0,0,0,0,0,0,0,0,0,0,0,0,0,0,0,0,0,0,0,0,0,0,0,0,0,0,0,0,0,0,0,0,0,0,0,0,0,0,0,0,0,0,0,0,0,0,0,0,0,0,0,0,0,0,0,0,0,0,1,1,1,3,4,4,6,7,7,8,12,19,27,36,46,53,60,72,88,102,130,140,154,169,201,226,255,268,302,327,350,402,449,501,543,588,623,656,721,768,824,892,964,1019,1059,1146,1196,1253,1312,1372,1421,1455,1537,1597,1682,1750,1818,1871,1915,1988,2077,2160,2265,2364,2433,2500,2651,2759,2886,3007,3151,3214,3300,3477,3668,3867,4034,4227,4359,4434,4664,4849,5067,5270,5500,5659,5765,5984,6236,6466,6705,7007,7107,7198,7398,7611,7815,7983,8158,8304,8393,8616,8826,9040,9182,9374,9469,9555,9735,9915,10114,10269,10435,10535,10625,10784,10976,11154,11320,11490,11589,11691,11887,12072,12244,12380,12531,12609,12670,12817,12962,13092,13232,13363,13436,13515,13718,13876,14028,14169,14273,14352,14406,14575,14706,14826,14953,15067,15139,15201,15336,15455,15577,15704,15821,15880,15923,16061,16195,16337,16461,16575,16628,16685,16802,16934,17075,17187,17295,17361,17423,17560,17704,17870,17958,18082,18123,18172,18290,18403,18499,18597,18710,18763,18801,18937,18994,19028,19146,19266,19331,19358,19488,19612,19722,19810,19892,19927,19969,20103,20213,20309,20400,20495,20536,20560,20670,20798,20889,20989,21087,21140,21186,21317,21441,21554,21649,21756,21817,21852,21968,22087,22191,22311,22438,22482,22529,22659,22783,22891,22962,23038,23071,23101,23182,23267,23374,23491,23563,23602,23636,23754,23854,23961,24044,24117,24162,24186,24219,24336,24435,24531,24635,24680,24700,24790,24895,24957,25035,25125,25161,25191,25287,25390,25466,25546,25641,25667,25680,25776,25855,25918,25998,26093,26131,26161,26279,26379,26473,26543,26634,26678,26710,26830,26920,26998,27066,27073,27108,27149,27256,27383,27490,27571,27603,27684,27737,27894,28048,28218,28395,28576,28676,28737,28950,29164,29354,29517,29719,29818,29891,30111,30297,30482,30670,30875,30951,31033,31247,31427,31609,31761,31901,31971,32030,32079,32215,32355,32469,32585,32642,32696,32869,32988,33086,33196,33323,33366,33410,33545,33666,33754,33850,33930,33962,33999,34107,34197,34274,34360,34448,34488,34516,34607,34683,34754,34821,34901,34947,34982,35078,35152,35232,35302,35357,35396,35417,35460,35555,35640,35721,35799,35833,35862,35966,36041,36118,36186,36260,36288,36313,36419,36482,36562,36593,36620,36650,36682,36778,36862,36950,37023,37088,37128,37157,37242,37309,37361,37400,37440,37462,37486,37558,37616,37672,37738,37789,37823,37841,37915,37964,38008,38050,38081,38091,38106,38167,38213,38258,38286,38320,38342,38353,38381,38450,38495,38536,38571,38596,38617,38675,38729,38793,38864,38908,38923,38944,39014,39096,39161,39205,39277,39296,39311,39396,39458,39517,39577,39611,39622,39622,39622
26,0,0,0,0,0,0,0,0,0,0,0,0,0,0,0,0,0,0,0,0,0,0,0,0,1,1,1,1,1,1,1,1,1,1,1,1,1,1,1,1,1,1,1,1,1,1,1,1,1,1,1,1,1,1,1,1,1,1,2,2,2,2,3,3,3,3,3,3,3,3,3,3,3,4,4,5,5,7,8,8,9,10,10,13,18,23,24,30,34,34,35,40,41,44,46,53,55,67,83,99,106,113,119,124,144,150,165,182,197,211,218,227,242,265,275,295,304,321,356,385,411,451,488,521,547,616,678,724,772,826,879,909,989,1065,1179,1267,1373,1444,1506,1678,1834,1992,2177,2341,2478,2588,2830,3106,3346,3614,3832,3983,4110,4356,4602,4859,5109,5373,5542,5663,5951,6254,6524,6802,7077,7259,7411,7712,8029,8362,8640,8944,9147,9318,9683,10053,10410,10794,11142,11354,11551,11957,12443,12888,13356,13823,14046,14321,14902,15447,15952,16391,16818,17087,17299,17911,18404,18863,19257,19672,19882,20073,20490,20781,21072,21398,21758,21946,22137,22542,22985,23407,23842,24200,24373,24505,24888,25243,25629,25954,26268,26487,26639,26954,27229,27488,27732,28028,28132,28219,28506,28800,29032,29296,29551,29744,29815,30079,30353,30644,30828,31046,31177,31231,31473,31716,31872,32002,32199,32290,32346,32520,32734,32941,33084,33213,33287,33350,33567,33704,33795,33972,34117,34211,34243,34410,34614,34804,34961,35113,35189,35231,35439,35651,35832,36011,36185,36243,36295,36513,36698,36839,36970,37078,37150,37204,37347,37538,37712,37879,38018,38086,38162,38374,38532,38698,38882,39040,39090,39142,39372,39514,39644,39762,39911,39954,39995,40134,40352,40530,40756,40907,40975,41059,41285,41511,41764,41987,42179,42256,42318,42444,42735,42985,43247,43526,43636,43727,44129,44479,44833,45152,45436,45562,45666,46004,46388,46760,47095,47400,47586,47766,48240,48628,49063,49403,49785,49998,50135,50588,51040,51456,51845,52205,52447,52611,53085,53520,53907,54131,54229,54502,54706,55269,55771,56253,56595,56716,56964,57155,57668,58186,58574,58977,59337,59527,59706,60198,60526,60836,61167,61428,61613,61763,62236,62534,62818,63133,63411,63576,63668,64003,64214,64429,64631,64862,64975,65053,65160,65421,65624,65804,65994,66079,66128,66292,66456,66643,66787,66899,66966,67003,67130,67243,67346,67463,67568,67610,67656,67783,67878,67968,68046,68131,68178,68219,68325,68436,68530,68646,68762,68830,68884,68995,69140,69271,69385,69507,69556,69597,69644,69796,69892,69990,70084,70139,70194,70322,70432,70558,70666,70789,70832,70869,71013,71119,71218,71256,71309,71347,71395,71535,71635,71749,71875,71992,72050,72073,72220,72331,72407,72511,72596,72641,72686,72787,72870,72993,73074,73169,73212,73251,73367,73455,73513,73572,73634,73669,73706,73786,73871,73924,73990,74047,74083,74113,74155,74244,74323,74372,74436,74469,74506,74582,74668,74739,74793,74847,74883,74908,75018,75102,75175,75257,75334,75370,75399,75487,75589,75667,75757,75849,75891,75900,75900
27,0,0,0,0,0,0,0,0,0,0,0,0,0,0,0,0,0,0,0,0,0,0,0,0,0,0,0,0,0,0,0,0,0,0,0,0,0,0,0,0,0,0,0,0,0,0,0,0,0,0,0,0,0,0,0,0,0,0,0,0,0,0,0,0,1,1,1,1,1,1,1,1,1,1,1,1,1,2,5,7,9,9,9,12,24,27,32,43,44,53,63,74,83,98,119,122,131,139,152,170,181,197,217,245,275,322,361,405,463,512,554,628,713,780,843,914,960,1001,1061,1121,1170,1254,1311,1363,1413,1500,1572,1669,1773,1856,1910,1976,2094,2183,2298,2426,2573,2658,2740,2864,2973,3136,3280,3422,3522,3607,3782,3990,4209,4430,4601,4706,4780,4986,5146,5328,5518,5695,5830,5940,6233,6529,6847,7124,7486,7666,7774,8085,8401,8710,9035,9331,9526,9632,9912,10188,10476,10792,11054,11255,11405,11800,12209,12616,13035,13378,13530,13670,14006,14391,14789,15217,15564,15780,15979,16421,16878,17334,17742,18191,18427,18635,19085,19551,19948,20378,20810,21024,21224,21690,22087,22492,22833,23182,23363,23488,23766,24023,24302,24588,24835,24946,25035,25293,25549,25744,25959,26173,26284,26368,26568,26763,27015,27183,27371,27453,27534,27682,27870,28072,28292,28497,28607,28688,28873,29081,29265,29384,29532,29605,29684,29838,29972,30049,30172,30296,30389,30475,30624,30758,30809,30967,31102,31168,31222,31347,31477,31621,31740,31849,31897,31966,32108,32229,32322,32380,32449,32498,32544,32624,32731,32791,32881,32991,33051,33104,33210,33296,33392,33459,33543,33585,33625,33695,33768,33841,33918,33997,34033,34069,34152,34266,34377,34455,34476,34514,34547,34589,34692,34795,34908,34990,35040,35070,35207,35316,35416,35539,35668,35726,35759,35799,35937,36049,36172,36303,36394,36454,36594,36738,36924,37052,37214,37304,37402,37589,37763,37962,38154,38319,38423,38517,38772,39062,39383,39662,39921,40094,40268,40546,40819,41112,41373,41634,41795,41946,42255,42578,42879,43146,43171,43358,43407,43777,44125,44407,44653,44690,44924,44984,45375,45770,46119,46490,46876,47087,47149,47600,47947,48268,48597,48914,49095,49140,49582,49948,50265,50598,50952,51193,51269,51693,52000,52268,52517,52739,52868,52916,53096,53344,53609,53829,54053,54172,54198,54448,54680,54881,55070,55222,55298,55329,55534,55707,55871,56017,56167,56233,56270,56478,56625,56770,56931,57052,57117,57140,57360,57505,57662,57809,57992,58059,58086,58262,58426,58584,58726,58867,58936,58964,59014,59185,59317,59463,59594,59640,59668,59859,59991,60120,60228,60357,60406,60427,60591,60756,60867,60925,60965,61027,61088,61280,61419,61552,61705,61838,61886,61926,62129,62240,62418,62545,62656,62708,62740,62967,63099,63274,63416,63565,63644,63697,63875,64067,64202,64326,64483,64532,64579,64810,64982,65064,65245,65384,65444,65490,65622,65789,65958,66121,66283,66341,66372,66583,66740,66952,67131,67289,67375,67423,67644,67831,68021,68175,68376,68485,68588,68888,69095,69350,69596,69781,69819,69827,69827
28,0,0,0,0,0,0,0,0,0,0,0,0,0,0,0,0,0,0,0,0,0,0,0,0,0,0,0,0,0,0,0,0,0,0,0,0,0,0,0,0,0,0,0,0,0,0,0,0,0,0,0,0,0,0,0,0,0,0,0,0,0,0,0,0,0,0,0,0,0,0,0,0,0,0,0,1,2,2,2,3,4,4,6,7,8,8,8,9,12,15,19,24,33,34,43,46,50,60,67,70,75,86,92,101,116,136,153,179,215,232,243,267,286,316,350,378,419,453,483,525,562,581,613,644,669,713,750,799,846,880,909,931,972,1024,1067,1104,1171,1223,1242,1307,1360,1425,1502,1595,1665,1706,1829,1943,2052,2122,2207,2273,2324,2464,2564,2657,2761,2876,2963,3040,3181,3312,3488,3622,3859,4004,4125,4378,4676,4888,5108,5330,5535,5667,6008,6311,6618,7003,7446,7672,7842,8335,8717,9154,9528,9920,10134,10327,10754,11228,11648,12057,12393,12633,12777,13213,13724,14201,14689,15123,15394,15623,16072,16491,16893,17250,17654,17902,17998,18313,18639,18992,19265,19476,19661,19745,20070,20359,20608,20876,21177,21392,21510,21823,22158,22390,22623,22850,22975,23061,23305,23537,23703,23895,24156,24249,24316,24502,24663,24850,25018,25196,25274,25364,25614,25865,26113,26358,26585,26704,26770,26994,27202,27385,27545,27710,27787,27828,27996,28136,28192,28345,28481,28547,28597,28783,28965,29082,29207,29352,29418,29468,29636,29795,29926,30036,30120,30189,30222,30369,30497,30624,30726,30824,30886,30922,31046,31199,31305,31402,31508,31563,31604,31747,31965,32119,32247,32384,32466,32539,32723,32896,32993,33089,33193,33244,33282,33390,33526,33641,33771,33882,33944,34013,34184,34334,34455,34565,34694,34764,34821,34906,35130,35352,35521,35691,35773,35846,36020,36193,36340,36480,36641,36719,36784,36938,37070,37199,37346,37471,37526,37579,37734,37903,38044,38210,38385,38484,38571,38789,39030,39269,39461,39681,39799,39882,40149,40412,40634,40798,40847,40964,41062,41306,41612,41879,42097,42187,42324,42428,42772,43084,43475,43865,44263,44457,44608,44928,45322,45680,45998,46301,46486,46602,46979,47358,47684,47998,48344,48503,48617,48972,49292,49549,49821,50008,50115,50202,50305,50490,50693,50857,51021,51085,51158,51339,51504,51628,51771,51895,51935,51962,52005,52078,52155,52228,52300,52340,52371,52473,52565,52672,52764,52848,52886,52918,53027,53126,53222,53301,53370,53417,53448,53558,53638,53722,53782,53865,53897,53922,53959,54051,54119,54178,54245,54279,54294,54368,54427,54490,54548,54603,54622,54645,54712,54774,54832,54853,54885,54923,54952,55038,55116,55191,55248,55328,55357,55386,55472,55551,55619,55699,55774,55794,55820,55915,55995,56084,56160,56215,56253,56286,56384,56485,56564,56654,56739,56770,56803,56937,57053,57152,57262,57362,57405,57443,57542,57708,57831,57942,58067,58131,58173,58343,58481,58589,58704,58813,58875,58939,59084,59231,59374,59529,59654,59704,59743,59917,60080,60215,60345,60440,60455,60464,60464
29,0,1,1,1,1,1,1,2,3,3,5,5,5,6,7,7,7,8,8,9,11,11,13,14,14,14,15,16,16,17,17,17,17,17,18,19,21,22,22,22,22,23,24,25,26,27,27,27,27,27,27,27,27,28,28,28,29,29,31,32,32,32,32,32,32,32,33,34,34,34,34,34,35,36,36,36,37,37,37,37,37,37,37,38,39,39,39,40,42,42,43,44,49,50,50,52,58,66,73,79,80,86,94,97,104,111,116,125,131,134,144,153,165,173,185,200,220,233,247,271,281,297,306,322,329,354,370,393,410,430,450,467,503,541,583,604,641,671,696,738,789,831,881,925,953,970,1029,1066,1107,1152,1199,1239,1264,1329,1374,1433,1488,1535,1569,1597,1666,1723,1788,1840,1895,1921,1952,2016,2073,2149,2205,2255,2289,2321,2388,2474,2550,2615,2705,2733,2782,2868,2963,3045,3150,3242,3270,3320,3395,3495,3556,3641,3722,3764,3797,3869,3971,4076,4176,4278,4332,4388,4488,4568,4656,4734,4829,4867,4910,5022,5111,5203,5288,5363,5408,5429,5508,5589,5664,5727,5788,5822,5841,5926,5982,6049,6122,6170,6204,6221,6295,6351,6395,6471,6532,6564,6582,6670,6739,6807,6844,6894,6915,6935,6981,7020,7060,7108,7162,7207,7233,7272,7312,7339,7370,7397,7415,7433,7489,7525,7536,7592,7616,7636,7650,7688,7734,7782,7810,7831,7836,7846,7874,7912,7946,7968,7989,8003,8008,8024,8046,8066,8090,8116,8134,8145,8176,8220,8251,8265,8295,8312,8327,8353,8388,8415,8444,8476,8495,8505,8539,8566,8594,8618,8640,8655,8681,8714,8750,8779,8802,8842,8861,8881,8918,8964,8999,9041,9086,9121,9136,9169,9240,9308,9348,9392,9414,9436,9467,9497,9523,9548,9585,9607,9623,9671,9717,9756,9788,9828,9860,9872,9961,10010,10057,10124,10188,10222,10247,10355,10464,10568,10643,10745,10794,10841,10958,11067,11162,11232,11263,11328,11365,11490,11628,11760,11877,11915,12006,12067,12244,12441,12593,12751,12888,12996,13049,13269,13446,13608,13770,13926,14007,14071,14257,14413,14596,14736,14871,14948,15008,15131,15249,15396,15519,15614,15667,15708,15777,15902,16014,16137,16267,16325,16397,16496,16577,16649,16721,16816,16849,16885,16956,17015,17071,17112,17165,17192,17211,17283,17328,17374,17425,17485,17507,17524,17576,17629,17680,17720,17767,17792,17803,17860,17888,17934,17999,18059,18098,18128,18167,18252,18294,18341,18390,18413,18439,18521,18593,18651,18711,18742,18755,18769,18809,18838,18866,18885,18926,18944,18958,19013,19069,19110,19149,19169,19181,19196,19234,19268,19303,19326,19361,19369,19373,19412,19443,19477,19501,19528,19549,19554,19578,19603,19627,19642,19653,19656,19669,19691,19704,19719,19733,19743,19747,19750,19761,19774,19779,19794,19803,19818,19822,19841,19855,19864,19881,19891,19896,19900,19912,19921,19928,19933,19946,19950,19953,19962,19972,19979,19986,19994,19994,19994,19995
30,0,0,0,0,0,0,0,0,0,0,0,0,0,0,0,0,0,0,0,0,0,0,0,0,0,0,0,0,0,0,0,0,0,0,0,0,0,0,0,0,0,0,0,0,0,0,0,0,0,0,0,0,0,0,0,0,0,0,0,0,0,0,0,0,0,0,0,0,0,0,0,0,0,0,0,2,2,2,9,14,16,17,17,21,24,26,31,33,34,35,39,41,50,56,64,66,68,74,85,90,103,112,126,135,150,163,193,233,270,291,311,347,393,424,476,528,576,608,678,752,830,898,967,1034,1099,1197,1308,1418,1542,1651,1732,1804,1946,2075,2208,2386,2582,2718,2810,2979,3134,3321,3504,3684,3807,3915,4131,4331,4522,4701,4891,5031,5147,5386,5575,5775,6013,6229,6347,6455,6678,6905,7137,7350,7552,7695,7837,8196,8510,8762,9035,9326,9512,9667,10024,10325,10626,10944,11278,11464,11658,12012,12389,12790,13149,13534,13714,13914,14314,14768,15178,15566,15897,16141,16367,16848,17302,17841,18260,18661,18910,19131,19652,20144,20577,20986,21430,21648,21894,22363,22742,23096,23426,23741,23912,24083,24445,24756,25053,25312,25593,25720,25839,26161,26410,26667,26914,27120,27244,27355,27628,27886,28103,28278,28451,28547,28651,28907,29141,29371,29563,29738,29849,29950,30200,30457,30713,30915,31112,31201,31290,31489,31714,31928,32103,32287,32367,32453,32658,32733,32827,33062,33238,33312,33393,33663,33841,34016,34193,34335,34390,34464,34678,34809,34958,35093,35213,35278,35331,35519,35679,35809,35944,36090,36137,36198,36375,36519,36665,36791,36898,36948,36993,37175,37287,37370,37490,37591,37637,37670,37822,37942,38059,38154,38243,38274,38315,38421,38540,38621,38743,38833,38878,38913,39058,39199,39306,39417,39506,39548,39592,39636,39778,39870,39973,40057,40098,40130,40280,40394,40491,40610,40734,40786,40835,41000,41094,41204,41282,41373,41412,41456,41575,41704,41817,41950,42052,42111,42161,42333,42499,42664,42794,42907,42970,43024,43202,43362,43515,43622,43664,43733,43810,44069,44300,44489,44649,44707,44836,44954,45281,45614,45923,46199,46496,46655,46837,47169,47487,47761,48118,48446,48641,48816,49161,49505,49811,50137,50460,50636,50776,51102,51415,51669,51908,52138,52245,52351,52474,52727,52947,53141,53302,53388,53473,53672,53871,54033,54180,54313,54398,54457,54613,54756,54894,55026,55132,55186,55227,55374,55497,55601,55700,55805,55865,55920,56073,56166,56264,56378,56486,56537,56589,56708,56800,56896,56999,57074,57124,57167,57235,57359,57459,57523,57597,57635,57681,57794,57903,58000,58081,58140,58180,58207,58275,58340,58413,58452,58482,58519,58547,58625,58705,58786,58867,58933,58957,58985,59060,59129,59191,59262,59311,59360,59385,59475,59543,59602,59669,59754,59788,59819,59882,59944,59991,60034,60084,60107,60122,60191,60249,60293,60347,60388,60419,60451,60488,60552,60630,60682,60741,60779,60812,60873,60950,61029,61113,61177,61203,61226,61318,61397,61496,61568,61638,61671,61713,61814,61902,61993,62068,62155,62177,62181,62181
31,0,0,0,0,0,0,0,0,0,0,0,0,0,0,0,0,0,0,0,0,0,0,0,0,0,0,0,0,0,0,0,0,0,0,0,0,0,0,0,0,0,0,0,0,0,0,0,0,0,0,0,0,0,0,0,0,0,0,0,0,1,1,1,1,1,1,1,1,1,1,1,1,2,2,2,6,8,14,14,16,22,22,30,36,45,48,48,51,56,60,70,74,83,86,96,98,103,117,130,139,150,155,163,172,194,215,246,259,274,284,294,322,342,364,398,433,457,478,521,569,601,661,687,717,748,801,846,879,915,954,974,1000,1045,1097,1159,1218,1259,1291,1340,1395,1450,1509,1580,1643,1677,1708,1764,1820,1881,1941,1988,2018,2043,2100,2148,2200,2244,2278,2323,2359,2448,2517,2591,2675,2741,2782,2841,2945,3042,3161,3266,3378,3474,3564,3709,3861,4036,4226,4369,4468,4539,4732,4893,5064,5229,5427,5499,5573,5750,5939,6125,6317,6501,6596,6690,6904,7100,7304,7517,7710,7805,7891,8152,8390,8649,8891,9146,9245,9337,9611,9944,10242,10616,10852,10977,11058,11270,11462,11645,11816,11978,12096,12192,12346,12525,12659,12808,12988,13089,13183,13359,13582,13720,13895,14045,14108,14218,14405,14573,14712,14966,15189,15238,15286,15460,15601,15770,15936,16084,16150,16223,16410,16594,16746,16892,17027,17095,17154,17253,17370,17407,17566,17685,17753,17800,17942,18084,18224,18385,18492,18523,18578,18705,18815,18930,19037,19133,19160,19204,19336,19438,19464,19539,19639,19685,19738,19877,20054,20163,20275,20409,20485,20519,20651,20849,21012,21154,21264,21317,21361,21466,21501,21587,21688,21759,21802,21832,21897,21984,22057,22126,22208,22247,22291,22361,22480,22560,22712,22784,22831,22869,22903,22990,23106,23210,23330,23409,23470,23630,23734,23866,23980,24046,24099,24134,24230,24333,24447,24560,24639,24680,24722,24813,24914,25001,25087,25187,25236,25288,25466,25606,25727,25824,25915,25960,25992,26093,26211,26282,26364,26395,26442,26486,26596,26708,26806,26918,26954,27028,27072,27210,27394,27544,27693,27845,27915,27974,28093,28234,28339,28457,28607,28652,28708,28810,28963,29140,29270,29400,29467,29525,29667,29821,29973,30126,30242,30280,30318,30363,30532,30653,30749,30825,30862,30918,31049,31166,31288,31388,31484,31535,31579,31691,31781,31893,32006,32107,32152,32187,32312,32455,32559,32657,32807,32861,32903,33043,33174,33287,33417,33519,33556,33598,33705,33804,33916,34017,34109,34153,34182,34216,34332,34441,34536,34626,34669,34707,34807,34889,34972,35061,35137,35162,35189,35282,35361,35438,35512,35542,35583,35611,35720,35823,35889,35989,36047,36077,36101,36192,36285,36357,36435,36502,36529,36566,36652,36731,36802,36869,36953,36981,37006,37085,37169,37272,37362,37444,37474,37501,37597,37693,37747,37847,37920,37937,37965,38011,38129,38210,38300,38384,38434,38469,38581,38705,38817,38930,39043,39077,39126,39245,39393,39550,39739,39928,39987,40055,40288,40506,40719,40936,41122,41165,41169,41169
32,0,0,0,0,0,0,0,0,0,0,0,0,0,0,0,0,0,0,0,0,0,0,0,0,0,0,0,0,0,0,0,0,0,0,0,0,0,0,0,0,0,0,0,0,0,0,0,0,0,0,0,0,0,0,0,0,0,0,0,0,0,0,0,1,1,2,2,2,2,2,4,6,8,8,8,8,9,9,9,11,14,15,16,17,18,18,18,22,23,23,25,25,25,26,26,27,28,29,29,31,33,33,35,36,36,37,43,47,49,56,57,66,68,70,78,83,87,90,94,104,113,117,124,131,133,141,146,157,166,175,179,182,193,196,209,228,236,239,243,249,249,265,273,282,293,299,311,323,327,335,352,359,364,380,393,409,427,444,458,470,491,520,558,578,603,622,631,668,702,722,745,771,782,791,826,856,880,912,943,960,983,1026,1080,1125,1174,1223,1246,1266,1323,1369,1421,1457,1505,1560,1594,1639,1698,1775,1872,1930,1972,2000,2087,2172,2267,2349,2435,2493,2520,2598,2726,2800,2903,2983,3032,3071,3166,3257,3342,3440,3528,3621,3679,3789,3961,4096,4164,4239,4303,4351,4432,4533,4621,4716,4809,4858,4903,4998,5109,5196,5294,5389,5429,5461,5528,5619,5743,5819,5925,5977,6016,6092,6168,6246,6349,6437,6475,6511,6582,6670,6714,6823,6891,6924,6941,7016,7110,7179,7269,7348,7381,7406,7487,7600,7681,7769,7862,7901,7959,8043,8146,8242,8345,8448,8541,8635,8765,8944,9085,9224,9379,9477,9528,9689,9868,10056,10228,10392,10512,10579,10763,10992,11167,11354,11511,11604,11663,11828,12063,12274,12523,12727,12848,12947,13138,13407,13655,13909,14183,14289,14388,14514,14738,15000,15296,15553,15648,15733,15968,16240,16514,16745,16971,17079,17163,17354,17668,17873,18052,18238,18314,18372,18559,18751,18904,19093,19254,19313,19380,19522,19717,19852,20045,20137,20220,20281,20422,20623,20711,20794,20807,20841,20880,21028,21187,21313,21415,21432,21489,21519,21709,21950,22134,22349,22522,22602,22655,22852,23011,23162,23329,23455,23511,23555,23712,23912,24070,24247,24392,24466,24499,24654,24846,25017,25172,25280,25332,25360,25423,25563,25714,25855,25971,26011,26043,26152,26280,26390,26490,26573,26617,26631,26747,26874,26951,27041,27102,27134,27151,27213,27296,27374,27437,27498,27522,27536,27631,27711,27766,27847,27905,27924,27973,28054,28110,28184,28225,28254,28269,28282,28305,28380,28427,28486,28517,28536,28567,28627,28690,28738,28788,28834,28869,28889,28962,28999,29038,29069,29085,29097,29114,29149,29186,29232,29291,29333,29355,29377,29433,29474,29504,29551,29592,29610,29627,29683,29722,29750,29779,29821,29843,29858,29912,29959,29993,30040,30078,30098,30119,30171,30213,30253,30291,30327,30354,30366,30391,30429,30462,30489,30519,30525,30531,30562,30596,30622,30641,30666,30679,30691,30714,30731,30750,30762,30769,30775,30778,30794,30802,30817,30829,30834,30838,30839,30839
