distrito,robo_casa,robo_vehiculos,robo_transportistas,robo_bancos,robo_negocio,robo_maquinaria,secuestro,feminicidio,extorsion,homicidio_doloso,pob,date
D01001,95.0,45.0,0.0,0.0,55.0,0.0,0.0,0.0,4.0,1.0,435354.0,2020/03
D01002,163.0,228.0,1.0,0.0,106.0,0.0,0.0,0.0,8.0,6.0,877190.0,2020/03
D01003,163.0,228.0,1.0,0.0,106.0,0.0,0.0,0.0,8.0,6.0,877190.0,2020/03
D02001,157.0,208.0,3.0,0.0,181.0,0.0,0.0,0.0,12.0,16.0,988417.0,2020/03
D02002,157.0,208.0,3.0,0.0,181.0,0.0,0.0,0.0,12.0,16.0,988417.0,2020/03
D02003,68.0,125.0,1.0,0.0,33.0,0.0,0.0,0.0,1.0,36.0,486639.0,2020/03
D02004,110.0,621.0,0.0,0.0,276.0,0.0,0.0,1.0,4.0,150.0,1641570.0,2020/03
D02005,110.0,621.0,0.0,0.0,276.0,0.0,0.0,1.0,4.0,150.0,1641570.0,2020/03
D02006,110.0,621.0,0.0,0.0,276.0,0.0,0.0,1.0,4.0,150.0,1641570.0,2020/03
D02007,283.0,430.0,4.0,0.0,236.0,0.0,0.0,0.0,13.0,72.0,1674196.0,2020/03
D02008,110.0,621.0,0.0,0.0,276.0,0.0,0.0,1.0,4.0,150.0,1641570.0,2020/03
D03001,71.0,33.0,0.0,0.0,33.0,0.0,0.0,0.0,3.0,1.0,424358.0,2020/03
D03002,81.0,53.0,0.0,0.0,65.0,1.0,0.0,0.0,7.0,2.0,560382.0,2020/03
D04001,5.0,25.0,0.0,0.0,4.0,0.0,0.0,0.0,0.0,2.0,449981.0,2020/03
D04002,5.0,18.0,0.0,0.0,7.0,0.0,0.0,1.0,5.0,6.0,449950.0,2020/03
D05001,12.0,7.0,0.0,0.0,11.0,0.0,0.0,0.0,0.0,3.0,503609.0,2020/03
D05002,61.0,10.0,1.0,0.0,14.0,2.0,0.0,0.0,0.0,4.0,529989.0,2020/03
D05003,51.0,9.0,1.0,0.0,15.0,0.0,1.0,1.0,1.0,2.0,461810.0,2020/03
D05004,5.0,21.0,0.0,0.0,8.0,0.0,0.0,0.0,0.0,7.0,830808.0,2020/03
D05005,43.0,21.0,0.0,0.0,38.0,0.0,0.0,1.0,0.0,6.0,679288.0,2020/03
D05006,63.0,28.0,0.0,0.0,44.0,2.0,0.0,1.0,0.0,6.0,868147.0,2020/03
D05007,6.0,15.0,0.0,0.0,6.0,0.0,0.0,0.0,0.0,7.0,864807.0,2020/03
D06001,89.0,62.0,0.0,0.0,26.0,0.0,0.0,0.0,0.0,10.0,359392.0,2020/03
D06002,59.0,25.0,0.0,0.0,27.0,0.0,1.0,1.0,4.0,39.0,351843.0,2020/03
D07001,2.0,5.0,0.0,0.0,0.0,0.0,0.0,1.0,1.0,0.0,381865.0,2020/03
D07002,0.0,7.0,0.0,0.0,0.0,0.0,0.0,0.0,0.0,1.0,376029.0,2020/03
D07003,1.0,8.0,0.0,0.0,1.0,0.0,0.0,0.0,0.0,3.0,392288.0,2020/03
D07004,2.0,16.0,0.0,0.0,1.0,0.0,0.0,0.0,0.0,3.0,380027.0,2020/03
D07005,0.0,14.0,0.0,0.0,5.0,0.0,1.0,0.0,1.0,1.0,423659.0,2020/03
D07006,8.0,41.0,0.0,0.0,15.0,0.0,0.0,0.0,4.0,3.0,860220.0,2020/03
D07007,0.0,15.0,0.0,0.0,1.0,0.0,0.0,0.0,0.0,0.0,392326.0,2020/03
D07008,0.0,18.0,0.0,0.0,0.0,0.0,0.0,1.0,1.0,2.0,435188.0,2020/03
D07009,6.0,33.0,0.0,0.0,15.0,0.0,0.0,0.0,4.0,2.0,598710.0,2020/03
D07010,1.0,15.0,0.0,0.0,8.0,0.0,0.0,0.0,2.0,2.0,389649.0,2020/03
D07011,0.0,20.0,0.0,0.0,5.0,0.0,1.0,0.0,1.0,2.0,560140.0,2020/03
D07012,8.0,19.0,0.0,0.0,14.0,0.0,0.0,1.0,3.0,5.0,509879.0,2020/03
D07013,7.0,21.0,0.0,0.0,13.0,0.0,0.0,1.0,3.0,6.0,674385.0,2020/03
D08001,53.0,280.0,1.0,1.0,82.0,1.0,2.0,1.0,1.0,143.0,1391180.0,2020/03
D08002,56.0,283.0,1.0,1.0,84.0,1.0,2.0,1.0,1.0,145.0,1561652.0,2020/03
D08003,53.0,280.0,1.0,1.0,82.0,1.0,2.0,1.0,1.0,143.0,1391180.0,2020/03
D08004,53.0,280.0,1.0,1.0,82.0,1.0,2.0,1.0,1.0,143.0,1391180.0,2020/03
D08005,51.0,32.0,2.0,0.0,20.0,3.0,0.0,0.0,0.0,12.0,417505.0,2020/03
D08006,25.0,120.0,0.0,0.0,40.0,1.0,0.0,0.0,0.0,31.0,878062.0,2020/03
D08007,20.0,10.0,1.0,0.0,14.0,2.0,1.0,0.0,0.0,26.0,366845.0,2020/03
D08008,25.0,120.0,0.0,0.0,40.0,1.0,0.0,0.0,0.0,31.0,878062.0,2020/03
D08009,17.0,18.0,0.0,0.0,5.0,0.0,0.0,0.0,0.0,9.0,332510.0,2020/03
D09001,48.0,188.0,4.0,0.0,201.0,0.0,0.0,0.0,3.0,13.0,1164477.0,2020/03
D09002,48.0,188.0,4.0,0.0,201.0,0.0,0.0,0.0,3.0,13.0,1164477.0,2020/03
D09003,15.0,75.0,3.0,0.0,113.0,0.0,0.0,0.0,2.0,5.0,400161.0,2020/03
D09004,57.0,236.0,4.0,1.0,259.0,1.0,1.0,0.0,6.0,22.0,1827868.0,2020/03
D09005,42.0,138.0,0.0,0.0,105.0,0.0,0.0,3.0,1.0,12.0,677104.0,2020/03
D09006,47.0,135.0,0.0,0.0,147.0,0.0,0.0,0.0,2.0,7.0,993868.0,2020/03
D09007,48.0,188.0,4.0,0.0,201.0,0.0,0.0,0.0,3.0,13.0,1164477.0,2020/03
D09008,65.0,290.0,1.0,0.0,308.0,0.0,0.0,1.0,3.0,25.0,959816.0,2020/03
D09009,17.0,39.0,0.0,0.0,23.0,0.0,0.0,0.0,0.0,7.0,361593.0,2020/03
D09010,20.0,87.0,0.0,0.0,136.0,0.0,1.0,0.0,0.0,2.0,364439.0,2020/03
D09011,25.0,90.0,1.0,0.0,74.0,0.0,0.0,0.0,1.0,15.0,427263.0,2020/03
D09012,40.0,200.0,0.0,0.0,234.0,0.0,0.0,1.0,2.0,10.0,532553.0,2020/03
D09013,30.0,64.0,1.0,0.0,25.0,0.0,0.0,0.0,1.0,9.0,390348.0,2020/03
D09014,42.0,138.0,0.0,0.0,105.0,0.0,0.0,3.0,1.0,12.0,677104.0,2020/03
D09015,36.0,206.0,1.0,0.0,166.0,1.0,1.0,1.0,1.0,5.0,417416.0,2020/03
D09016,40.0,104.0,0.0,0.0,138.0,0.0,0.0,0.0,1.0,6.0,749982.0,2020/03
D09017,46.0,113.0,0.0,0.0,174.0,0.0,0.0,0.0,1.0,9.0,949206.0,2020/03
D09018,57.0,236.0,4.0,1.0,259.0,1.0,1.0,0.0,6.0,22.0,1827868.0,2020/03
D09019,57.0,236.0,4.0,1.0,259.0,1.0,1.0,0.0,6.0,22.0,1827868.0,2020/03
D09020,57.0,236.0,4.0,1.0,259.0,1.0,1.0,0.0,6.0,22.0,1827868.0,2020/03
D09021,27.0,71.0,0.0,0.0,29.0,0.0,0.0,0.0,1.0,5.0,553860.0,2020/03
D09022,57.0,236.0,4.0,1.0,259.0,1.0,1.0,0.0,6.0,22.0,1827868.0,2020/03
D09023,36.0,141.0,0.0,0.0,142.0,0.0,0.0,1.0,0.0,4.0,608479.0,2020/03
D09024,59.0,204.0,0.0,0.0,170.0,0.0,0.0,1.0,1.0,8.0,1024412.0,2020/03
D10001,147.0,61.0,0.0,1.0,44.0,0.0,0.0,1.0,7.0,10.0,897838.0,2020/03
D10002,77.0,26.0,1.0,0.0,46.0,0.0,0.0,0.0,4.0,0.0,436045.0,2020/03
D10003,52.0,5.0,0.0,0.0,15.0,0.0,0.0,2.0,1.0,1.0,420871.0,2020/03
D10004,136.0,57.0,0.0,1.0,44.0,0.0,0.0,1.0,5.0,3.0,654876.0,2020/03
D11001,23.0,5.0,0.0,0.0,13.0,0.0,0.0,0.0,1.0,9.0,358513.0,2020/03
D11002,81.0,137.0,0.0,0.0,152.0,0.0,0.0,0.0,0.0,38.0,827527.0,2020/03
D11003,138.0,68.0,0.0,0.0,225.0,0.0,0.0,0.0,1.0,39.0,1578626.0,2020/03
D11004,59.0,9.0,0.0,0.0,18.0,0.0,0.0,0.0,1.0,16.0,360544.0,2020/03
D11005,138.0,68.0,0.0,0.0,225.0,0.0,0.0,0.0,1.0,39.0,1578626.0,2020/03
D11006,138.0,68.0,0.0,0.0,225.0,0.0,0.0,0.0,1.0,39.0,1578626.0,2020/03
D11007,13.0,5.0,0.0,0.0,9.0,0.0,0.0,0.0,0.0,26.0,388710.0,2020/03
D11008,12.0,46.0,0.0,0.0,14.0,0.0,0.0,0.0,1.0,39.0,415161.0,2020/03
D11009,44.0,18.0,0.0,0.0,86.0,0.0,0.0,0.0,0.0,40.0,763911.0,2020/03
D11010,12.0,32.0,0.0,0.0,7.0,0.0,0.0,1.0,0.0,21.0,386077.0,2020/03
D11011,138.0,68.0,0.0,0.0,225.0,0.0,0.0,0.0,1.0,39.0,1578626.0,2020/03
D11012,50.0,125.0,0.0,0.0,138.0,0.0,0.0,0.0,0.0,27.0,494304.0,2020/03
D11013,12.0,6.0,0.0,0.0,5.0,0.0,0.0,1.0,0.0,17.0,393783.0,2020/03
D11014,19.0,31.0,0.0,0.0,8.0,0.0,0.0,0.0,0.0,37.0,380825.0,2020/03
D11015,35.0,15.0,0.0,0.0,69.0,0.0,0.0,0.0,0.0,33.0,574344.0,2020/03
D12001,0.0,6.0,0.0,0.0,0.0,0.0,0.0,0.0,1.0,4.0,355634.0,2020/03
D12002,5.0,24.0,0.0,0.0,6.0,0.0,0.0,1.0,1.0,18.0,393210.0,2020/03
D12003,4.0,22.0,0.0,0.0,6.0,0.0,0.0,0.0,3.0,17.0,424827.0,2020/03
D12004,13.0,88.0,0.0,0.0,25.0,0.0,0.0,1.0,6.0,35.0,810669.0,2020/03
D12005,3.0,13.0,0.0,0.0,0.0,0.0,1.0,0.0,1.0,15.0,375497.0,2020/03
D12006,0.0,3.0,0.0,0.0,1.0,0.0,0.0,0.0,0.0,7.0,411791.0,2020/03
D12007,2.0,22.0,0.0,0.0,4.0,0.0,0.0,0.0,2.0,20.0,388104.0,2020/03
D12008,0.0,9.0,0.0,0.0,0.0,0.0,0.0,1.0,3.0,12.0,373519.0,2020/03
D12009,13.0,88.0,0.0,0.0,25.0,0.0,0.0,1.0,6.0,35.0,810669.0,2020/03
D13001,7.0,0.0,0.0,0.0,3.0,0.0,0.0,0.0,6.0,2.0,411307.0,2020/03
D13002,16.0,24.0,0.0,0.0,6.0,0.0,0.0,0.0,4.0,2.0,397706.0,2020/03
D13003,16.0,39.0,0.0,0.0,18.0,0.0,0.0,1.0,5.0,5.0,401628.0,2020/03
D13004,30.0,68.0,0.0,0.0,12.0,0.0,0.0,0.0,3.0,4.0,406138.0,2020/03
D13005,26.0,60.0,0.0,0.0,24.0,0.0,2.0,0.0,1.0,13.0,433857.0,2020/03
D13006,69.0,121.0,0.0,0.0,89.0,0.0,2.0,1.0,1.0,3.0,432298.0,2020/03
D13007,58.0,56.0,0.0,0.0,32.0,0.0,2.0,0.0,0.0,1.0,375425.0,2020/03
D14001,20.0,12.0,0.0,0.0,7.0,0.0,0.0,2.0,3.0,4.0,374654.0,2020/03
D14002,8.0,49.0,3.0,0.0,10.0,0.0,0.0,0.0,1.0,20.0,361772.0,2020/03
D14003,6.0,42.0,0.0,0.0,4.0,0.0,0.0,0.0,6.0,2.0,423839.0,2020/03
D14004,80.0,241.0,3.0,0.0,218.0,2.0,0.0,1.0,10.0,19.0,1332272.0,2020/03
D14005,27.0,55.0,0.0,0.0,9.0,0.0,0.0,0.0,4.0,3.0,368622.0,2020/03
D14006,80.0,241.0,3.0,0.0,218.0,2.0,0.0,1.0,10.0,19.0,1332272.0,2020/03
D14007,28.0,102.0,3.0,0.0,105.0,0.0,0.0,0.0,5.0,14.0,536111.0,2020/03
D14008,101.0,559.0,7.0,1.0,360.0,1.0,1.0,0.0,14.0,31.0,1460148.0,2020/03
D14009,101.0,559.0,7.0,1.0,360.0,1.0,1.0,0.0,14.0,31.0,1460148.0,2020/03
D14010,80.0,241.0,3.0,0.0,218.0,2.0,0.0,1.0,10.0,19.0,1332272.0,2020/03
D14011,101.0,559.0,7.0,1.0,360.0,1.0,1.0,0.0,14.0,31.0,1460148.0,2020/03
D14012,32.0,52.0,7.0,0.0,38.0,1.0,0.0,1.0,7.0,17.0,549442.0,2020/03
D14013,124.0,340.0,11.0,0.0,348.0,3.0,0.0,1.0,14.0,52.0,1996465.0,2020/03
D14014,101.0,559.0,7.0,1.0,360.0,1.0,1.0,0.0,14.0,31.0,1460148.0,2020/03
D14015,6.0,20.0,1.0,0.0,2.0,0.0,0.0,0.0,1.0,3.0,402199.0,2020/03
D14016,44.0,99.0,8.0,0.0,130.0,1.0,0.0,0.0,4.0,33.0,664193.0,2020/03
D14017,28.0,12.0,0.0,0.0,13.0,0.0,0.0,0.0,6.0,6.0,340784.0,2020/03
D14018,10.0,18.0,0.0,0.0,10.0,2.0,0.0,0.0,5.0,4.0,366387.0,2020/03
D14019,14.0,8.0,0.0,0.0,3.0,1.0,0.0,0.0,4.0,3.0,372966.0,2020/03
D14020,42.0,162.0,9.0,0.0,123.0,0.0,0.0,1.0,7.0,21.0,827552.0,2020/03
D15001,7.0,46.0,12.0,0.0,3.0,0.0,1.0,0.0,2.0,4.0,414815.0,2020/03
D15002,32.0,252.0,35.0,1.0,186.0,0.0,1.0,0.0,4.0,14.0,747958.0,2020/03
D15003,9.0,29.0,1.0,0.0,6.0,1.0,0.0,0.0,0.0,1.0,430807.0,2020/03
D15004,20.0,53.0,4.0,0.0,28.0,1.0,0.0,1.0,7.0,10.0,421844.0,2020/03
D15005,52.0,235.0,17.0,0.0,32.0,1.0,0.0,4.0,8.0,4.0,898167.0,2020/03
D15006,65.0,804.0,52.0,0.0,255.0,0.0,2.0,1.0,40.0,31.0,1989965.0,2020/03
D15007,42.0,216.0,31.0,0.0,69.0,0.0,1.0,0.0,9.0,9.0,531041.0,2020/03
D15008,19.0,174.0,28.0,1.0,167.0,0.0,1.0,0.0,0.0,13.0,520557.0,2020/03
D15009,4.0,11.0,1.0,0.0,1.0,0.0,0.0,0.0,3.0,4.0,419274.0,2020/03
D15010,54.0,675.0,47.0,0.0,217.0,0.0,2.0,1.0,38.0,28.0,1677678.0,2020/03
D15011,54.0,675.0,47.0,0.0,217.0,0.0,2.0,1.0,38.0,28.0,1677678.0,2020/03
D15012,11.0,63.0,1.0,0.0,23.0,0.0,0.0,0.0,8.0,6.0,495563.0,2020/03
D15013,54.0,675.0,47.0,0.0,217.0,0.0,2.0,1.0,38.0,28.0,1677678.0,2020/03
D15014,82.0,653.0,54.0,2.0,134.0,0.0,3.0,1.0,21.0,25.0,1755071.0,2020/03
D15015,24.0,120.0,8.0,0.0,25.0,0.0,1.0,0.0,5.0,1.0,523296.0,2020/03
D15016,70.0,992.0,62.0,2.0,257.0,0.0,3.0,2.0,45.0,43.0,2378412.0,2020/03
D15017,54.0,675.0,47.0,0.0,217.0,0.0,2.0,1.0,38.0,28.0,1677678.0,2020/03
D15018,66.0,281.0,6.0,0.0,80.0,1.0,0.0,0.0,20.0,21.0,1296572.0,2020/03
D15019,16.0,317.0,15.0,2.0,40.0,0.0,1.0,1.0,7.0,15.0,700734.0,2020/03
D15020,20.0,194.0,24.0,0.0,72.0,1.0,0.0,0.0,11.0,14.0,1039867.0,2020/03
D15021,18.0,73.0,2.0,0.0,31.0,0.0,0.0,0.0,15.0,8.0,730942.0,2020/03
D15022,33.0,238.0,37.0,1.0,109.0,0.0,0.0,1.0,8.0,15.0,844219.0,2020/03
D15023,18.0,57.0,3.0,0.0,15.0,0.0,0.0,0.0,9.0,7.0,417790.0,2020/03
D15024,33.0,238.0,37.0,1.0,109.0,0.0,0.0,1.0,8.0,15.0,844219.0,2020/03
D15025,33.0,157.0,15.0,0.0,92.0,0.0,0.0,0.0,6.0,16.0,679811.0,2020/03
D15026,54.0,241.0,4.0,0.0,61.0,0.0,0.0,0.0,17.0,11.0,958055.0,2020/03
D15027,35.0,74.0,1.0,0.0,25.0,0.0,1.0,1.0,7.0,3.0,411702.0,2020/03
D15028,20.0,88.0,14.0,0.0,28.0,0.0,1.0,0.0,7.0,15.0,437588.0,2020/03
D15029,20.0,194.0,24.0,0.0,72.0,1.0,0.0,0.0,11.0,14.0,1039867.0,2020/03
D15030,35.0,184.0,21.0,0.0,130.0,0.0,0.0,0.0,7.0,19.0,883918.0,2020/03
D15031,20.0,194.0,24.0,0.0,72.0,1.0,0.0,0.0,11.0,14.0,1039867.0,2020/03
D15032,8.0,66.0,2.0,0.0,23.0,0.0,1.0,0.0,4.0,5.0,396157.0,2020/03
D15033,23.0,113.0,8.0,0.0,19.0,0.0,0.0,0.0,4.0,8.0,371099.0,2020/03
D15034,51.0,234.0,4.0,0.0,58.0,0.0,0.0,0.0,17.0,9.0,873536.0,2020/03
D15035,16.0,40.0,1.0,0.0,6.0,0.0,1.0,1.0,7.0,16.0,462337.0,2020/03
D15036,15.0,21.0,0.0,0.0,0.0,0.0,0.0,1.0,3.0,8.0,435440.0,2020/03
D15037,19.0,121.0,13.0,0.0,28.0,0.0,0.0,2.0,7.0,14.0,409228.0,2020/03
D15038,19.0,63.0,3.0,0.0,10.0,0.0,0.0,0.0,3.0,1.0,370017.0,2020/03
D15039,41.0,255.0,22.0,0.0,120.0,0.0,0.0,1.0,6.0,25.0,973536.0,2020/03
D15040,18.0,50.0,0.0,0.0,30.0,1.0,0.0,0.0,18.0,7.0,508895.0,2020/03
D15041,32.0,147.0,9.0,0.0,26.0,1.0,0.0,1.0,7.0,3.0,484630.0,2020/03
D16001,4.0,45.0,6.0,0.0,9.0,0.0,0.0,0.0,0.0,8.0,364936.0,2020/03
D16002,7.0,19.0,9.0,0.0,5.0,1.0,0.0,0.0,0.0,20.0,403406.0,2020/03
D16003,5.0,27.0,2.0,0.0,1.0,0.0,0.0,0.0,0.0,13.0,378026.0,2020/03
D16004,5.0,11.0,0.0,0.0,1.0,0.0,0.0,0.0,0.0,6.0,381796.0,2020/03
D16005,8.0,65.0,6.0,0.0,2.0,3.0,0.0,0.0,0.0,38.0,390184.0,2020/03
D16006,8.0,20.0,2.0,0.0,1.0,0.0,0.0,0.0,0.0,5.0,388499.0,2020/03
D16007,10.0,45.0,9.0,0.0,3.0,0.0,0.0,0.0,0.0,18.0,400383.0,2020/03
D16008,69.0,80.0,39.0,1.0,47.0,14.0,0.0,3.0,0.0,28.0,784776.0,2020/03
D16009,4.0,121.0,32.0,0.0,19.0,1.0,1.0,0.0,0.0,23.0,334749.0,2020/03
D16010,69.0,80.0,39.0,1.0,47.0,14.0,0.0,3.0,0.0,28.0,784776.0,2020/03
D16011,6.0,44.0,17.0,0.0,1.0,0.0,0.0,1.0,0.0,14.0,401626.0,2020/03
D16012,1.0,38.0,4.0,0.0,3.0,0.0,0.0,0.0,0.0,10.0,356090.0,2020/03
D17001,39.0,213.0,9.0,0.0,206.0,0.0,0.0,0.0,1.0,18.0,366321.0,2020/03
D17002,53.0,304.0,24.0,1.0,247.0,0.0,0.0,0.0,2.0,38.0,748935.0,2020/03
D17003,42.0,79.0,9.0,2.0,18.0,0.0,2.0,0.0,1.0,10.0,395293.0,2020/03
D17004,16.0,65.0,4.0,0.0,20.0,0.0,0.0,2.0,3.0,22.0,381694.0,2020/03
D17005,20.0,35.0,8.0,0.0,9.0,0.0,3.0,0.0,1.0,7.0,377889.0,2020/03
D18001,0.0,9.0,0.0,0.0,2.0,0.0,0.0,0.0,0.0,3.0,363163.0,2020/03
D18002,8.0,15.0,0.0,0.0,24.0,0.0,0.0,0.0,0.0,2.0,413608.0,2020/03
D18003,1.0,17.0,0.0,0.0,2.0,0.0,0.0,0.0,0.0,5.0,404279.0,2020/03
D19001,12.0,13.0,1.0,0.0,14.0,0.0,0.0,0.0,3.0,1.0,420110.0,2020/03
D19002,52.0,44.0,18.0,0.0,24.0,1.0,1.0,2.0,8.0,14.0,1606960.0,2020/03
D19003,12.0,4.0,3.0,0.0,3.0,0.0,1.0,0.0,2.0,6.0,425148.0,2020/03
D19004,32.0,34.0,13.0,0.0,19.0,1.0,0.0,2.0,4.0,8.0,1027350.0,2020/03
D19005,79.0,67.0,20.0,0.0,73.0,0.0,0.0,1.0,9.0,23.0,1109171.0,2020/03
D19006,96.0,70.0,23.0,0.0,80.0,0.0,0.0,1.0,10.0,26.0,1356541.0,2020/03
D19007,110.0,80.0,23.0,0.0,86.0,0.0,0.0,2.0,13.0,38.0,1654347.0,2020/03
D19008,49.0,47.0,20.0,0.0,38.0,1.0,0.0,3.0,11.0,13.0,1367255.0,2020/03
D19009,15.0,6.0,8.0,0.0,4.0,1.0,0.0,0.0,1.0,5.0,387856.0,2020/03
D19010,79.0,67.0,20.0,0.0,73.0,0.0,0.0,1.0,9.0,23.0,1109171.0,2020/03
D19011,102.0,99.0,34.0,0.0,100.0,0.0,0.0,2.0,17.0,37.0,2125532.0,2020/03
D19012,49.0,41.0,17.0,0.0,17.0,1.0,0.0,2.0,3.0,21.0,1119020.0,2020/03
D20001,9.0,3.0,0.0,0.0,1.0,0.0,0.0,0.0,2.0,10.0,392417.0,2020/03
D20002,6.0,12.0,0.0,0.0,6.0,0.0,0.0,0.0,0.0,3.0,390979.0,2020/03
D20003,26.0,35.0,2.0,0.0,9.0,1.0,0.0,0.0,2.0,5.0,418010.0,2020/03
D20004,16.0,26.0,0.0,0.0,7.0,2.0,0.0,0.0,0.0,6.0,440498.0,2020/03
D20005,15.0,19.0,0.0,0.0,10.0,0.0,0.0,0.0,2.0,11.0,431730.0,2020/03
D20006,5.0,5.0,1.0,0.0,4.0,0.0,1.0,1.0,0.0,10.0,388239.0,2020/03
D20007,10.0,20.0,1.0,1.0,5.0,0.0,0.0,0.0,2.0,10.0,410037.0,2020/03
D20008,21.0,102.0,0.0,0.0,42.0,0.0,1.0,1.0,1.0,4.0,389208.0,2020/03
D20009,5.0,13.0,0.0,1.0,6.0,0.0,0.0,0.0,2.0,15.0,393164.0,2020/03
D20010,7.0,24.0,1.0,0.0,7.0,1.0,0.0,0.0,1.0,14.0,424426.0,2020/03
D21001,7.0,38.0,1.0,1.0,3.0,0.0,0.0,0.0,1.0,5.0,402163.0,2020/03
D21002,13.0,28.0,2.0,0.0,12.0,1.0,0.0,0.0,1.0,9.0,403513.0,2020/03
D21003,10.0,17.0,1.0,0.0,10.0,1.0,0.0,0.0,0.0,2.0,410363.0,2020/03
D21004,4.0,21.0,4.0,1.0,1.0,1.0,0.0,0.0,0.0,6.0,405506.0,2020/03
D21005,17.0,116.0,31.0,1.0,9.0,3.0,0.0,0.0,1.0,5.0,413972.0,2020/03
D21006,29.0,394.0,18.0,0.0,104.0,3.0,0.0,2.0,7.0,12.0,1576259.0,2020/03
D21007,46.0,473.0,25.0,0.0,127.0,11.0,0.0,2.0,7.0,20.0,2030740.0,2020/03
D21008,17.0,42.0,16.0,1.0,8.0,1.0,0.0,0.0,0.0,4.0,398061.0,2020/03
D21009,36.0,426.0,23.0,0.0,113.0,5.0,0.0,3.0,7.0,12.0,1688484.0,2020/03
D21010,23.0,127.0,7.0,0.0,45.0,4.0,0.0,2.0,1.0,3.0,455976.0,2020/03
D21011,29.0,394.0,18.0,0.0,104.0,3.0,0.0,2.0,7.0,12.0,1576259.0,2020/03
D21012,29.0,394.0,18.0,0.0,104.0,3.0,0.0,2.0,7.0,12.0,1576259.0,2020/03
D21013,12.0,58.0,0.0,0.0,20.0,3.0,0.0,1.0,2.0,14.0,404269.0,2020/03
D21014,7.0,67.0,8.0,0.0,13.0,0.0,0.0,0.0,0.0,9.0,406785.0,2020/03
D21015,12.0,55.0,4.0,0.0,16.0,7.0,0.0,0.0,2.0,4.0,437535.0,2020/03
D22001,10.0,15.0,0.0,0.0,6.0,0.0,0.0,0.0,2.0,3.0,342206.0,2020/03
D22002,62.0,67.0,0.0,0.0,31.0,1.0,1.0,0.0,3.0,6.0,379722.0,2020/03
D22003,109.0,271.0,0.0,0.0,208.0,1.0,1.0,0.0,18.0,9.0,878931.0,2020/03
D22004,109.0,271.0,0.0,0.0,208.0,1.0,1.0,0.0,18.0,9.0,878931.0,2020/03
D22005,37.0,57.0,0.0,0.0,26.0,0.0,0.0,0.0,1.0,5.0,437513.0,2020/03
D23001,179.0,233.0,2.0,0.0,397.0,11.0,3.0,1.0,29.0,52.0,1119127.0,2020/03
D23002,60.0,39.0,0.0,0.0,27.0,2.0,1.0,0.0,4.0,12.0,382435.0,2020/03
D23003,98.0,166.0,2.0,0.0,332.0,9.0,3.0,1.0,19.0,41.0,743626.0,2020/03
D23004,153.0,209.0,2.0,0.0,386.0,10.0,3.0,1.0,27.0,50.0,999998.0,2020/03
D24001,8.0,29.0,2.0,0.0,4.0,0.0,0.0,0.0,2.0,8.0,362028.0,2020/03
D24002,23.0,98.0,6.0,0.0,22.0,0.0,0.0,0.0,0.0,15.0,456628.0,2020/03
D24003,5.0,11.0,2.0,0.0,3.0,4.0,0.0,0.0,3.0,1.0,339023.0,2020/03
D24004,11.0,4.0,0.0,0.0,2.0,0.0,0.0,1.0,5.0,3.0,341204.0,2020/03
D24005,45.0,295.0,11.0,0.0,55.0,0.0,2.0,2.0,5.0,16.0,824229.0,2020/03
D24006,45.0,295.0,11.0,0.0,55.0,0.0,2.0,2.0,5.0,16.0,824229.0,2020/03
D24007,2.0,1.0,0.0,0.0,2.0,0.0,0.0,0.0,0.0,0.0,394708.0,2020/03
D25001,7.0,41.0,0.0,0.0,9.0,0.0,0.0,0.0,4.0,7.0,642913.0,2020/03
D25002,9.0,22.0,0.0,0.0,7.0,0.0,0.0,0.0,0.0,5.0,449215.0,2020/03
D25003,1.0,6.0,0.0,0.0,0.0,0.0,1.0,0.0,1.0,9.0,448499.0,2020/03
D25004,1.0,8.0,0.0,0.0,1.0,0.0,0.0,0.0,0.0,4.0,428839.0,2020/03
D25005,19.0,199.0,0.0,2.0,73.0,0.0,1.0,0.0,2.0,43.0,905265.0,2020/03
D25006,26.0,247.0,0.0,2.0,82.0,0.0,1.0,0.0,6.0,50.0,1499402.0,2020/03
D25007,19.0,199.0,0.0,2.0,73.0,0.0,1.0,0.0,2.0,43.0,905265.0,2020/03
D26001,7.0,30.0,0.0,0.0,0.0,0.0,0.0,0.0,0.0,13.0,381861.0,2020/03
D26002,15.0,38.0,0.0,0.0,0.0,1.0,0.0,0.0,0.0,10.0,418544.0,2020/03
D26003,50.0,70.0,0.0,0.0,23.0,1.0,0.0,0.0,0.0,22.0,884273.0,2020/03
D26004,2.0,15.0,1.0,0.0,1.0,4.0,0.0,0.0,0.0,9.0,369697.0,2020/03
D26005,50.0,70.0,0.0,0.0,23.0,1.0,0.0,0.0,0.0,22.0,884273.0,2020/03
D26006,15.0,73.0,1.0,0.0,28.0,4.0,0.0,0.0,0.0,29.0,433050.0,2020/03
D26007,7.0,9.0,0.0,0.0,14.0,2.0,0.0,0.0,0.0,3.0,362905.0,2020/03
D27001,30.0,12.0,0.0,0.0,6.0,0.0,0.0,0.0,0.0,6.0,347263.0,2020/03
D27002,20.0,60.0,0.0,0.0,14.0,0.0,0.0,0.0,0.0,14.0,447346.0,2020/03
D27003,9.0,25.0,1.0,0.0,7.0,0.0,1.0,0.0,0.0,5.0,340158.0,2020/03
D27004,69.0,74.0,0.0,0.0,87.0,0.0,0.0,0.0,7.0,19.0,684847.0,2020/03
D27005,23.0,22.0,0.0,0.0,21.0,0.0,1.0,0.0,0.0,7.0,430120.0,2020/03
D27006,79.0,83.0,0.0,0.0,93.0,0.0,0.0,0.0,9.0,22.0,830385.0,2020/03
D28001,13.0,30.0,0.0,0.0,0.0,0.0,0.0,0.0,2.0,3.0,399431.0,2020/03
D28002,31.0,97.0,0.0,0.0,92.0,0.0,2.0,0.0,0.0,14.0,713574.0,2020/03
D28003,21.0,26.0,0.0,1.0,12.0,0.0,0.0,0.0,7.0,10.0,777910.0,2020/03
D28004,15.0,14.0,0.0,1.0,7.0,0.0,0.0,0.0,5.0,6.0,520367.0,2020/03
D28005,24.0,17.0,0.0,0.0,12.0,0.0,0.0,0.0,6.0,15.0,416734.0,2020/03
D28006,6.0,10.0,0.0,0.0,6.0,0.0,0.0,0.0,0.0,2.0,375390.0,2020/03
D28007,9.0,17.0,0.0,0.0,26.0,0.0,0.0,0.0,2.0,2.0,444241.0,2020/03
D28008,12.0,26.0,0.0,0.0,27.0,0.0,0.0,0.0,1.0,1.0,523593.0,2020/03
D28009,28.0,93.0,0.0,0.0,91.0,0.0,2.0,0.0,0.0,12.0,646202.0,2020/03
D29001,6.0,34.0,6.0,0.0,9.0,1.0,1.0,0.0,0.0,3.0,419015.0,2020/03
D29002,2.0,60.0,2.0,0.0,9.0,1.0,0.0,0.0,0.0,6.0,434300.0,2020/03
D29003,7.0,60.0,3.0,0.0,11.0,1.0,1.0,0.0,0.0,5.0,505325.0,2020/03
D30001,5.0,5.0,0.0,0.0,5.0,0.0,2.0,1.0,5.0,2.0,359850.0,2020/03
D30002,7.0,4.0,0.0,0.0,2.0,0.0,0.0,0.0,2.0,2.0,376917.0,2020/03
D30003,8.0,14.0,0.0,0.0,7.0,0.0,0.0,0.0,2.0,2.0,351778.0,2020/03
D30004,25.0,57.0,0.0,0.0,72.0,0.0,1.0,0.0,6.0,2.0,609964.0,2020/03
D30005,7.0,18.0,0.0,0.0,36.0,0.0,0.0,1.0,1.0,6.0,353434.0,2020/03
D30006,7.0,12.0,0.0,1.0,3.0,1.0,1.0,1.0,0.0,2.0,401040.0,2020/03
D30007,12.0,15.0,0.0,0.0,4.0,1.0,1.0,0.0,5.0,4.0,417424.0,2020/03
D30008,29.0,48.0,0.0,0.0,14.0,0.0,0.0,0.0,7.0,9.0,853150.0,2020/03
D30009,4.0,12.0,1.0,0.0,3.0,0.0,2.0,0.0,3.0,7.0,398600.0,2020/03
D30010,25.0,37.0,0.0,0.0,11.0,0.0,0.0,0.0,6.0,5.0,480841.0,2020/03
D30011,18.0,31.0,0.0,0.0,30.0,0.0,2.0,0.0,5.0,6.0,400582.0,2020/03
D30012,28.0,72.0,0.0,0.0,114.0,0.0,1.0,1.0,9.0,4.0,862286.0,2020/03
D30013,3.0,13.0,1.0,0.0,5.0,0.0,0.0,0.0,0.0,2.0,424264.0,2020/03
D30014,12.0,17.0,0.0,0.0,9.0,0.0,0.0,0.0,0.0,12.0,384304.0,2020/03
D30015,5.0,11.0,0.0,0.0,6.0,0.0,1.0,2.0,0.0,2.0,428773.0,2020/03
D30016,8.0,41.0,2.0,0.0,12.0,0.0,2.0,0.0,5.0,10.0,430936.0,2020/03
D30017,7.0,20.0,6.0,0.0,2.0,0.0,1.0,1.0,2.0,10.0,403660.0,2020/03
D30018,4.0,17.0,0.0,0.0,4.0,0.0,2.0,1.0,1.0,6.0,426531.0,2020/03
D30019,13.0,6.0,0.0,0.0,5.0,0.0,0.0,1.0,2.0,1.0,411119.0,2020/03
D30020,6.0,25.0,0.0,0.0,8.0,1.0,1.0,0.0,0.0,11.0,427857.0,2020/03
D31001,0.0,8.0,0.0,0.0,1.0,0.0,0.0,0.0,0.0,0.0,397539.0,2020/03
D31002,11.0,5.0,0.0,0.0,1.0,0.0,0.0,0.0,0.0,0.0,399129.0,2020/03
D31003,8.0,2.0,0.0,0.0,5.0,0.0,0.0,1.0,0.0,2.0,892363.0,2020/03
D31004,8.0,2.0,0.0,0.0,5.0,0.0,0.0,1.0,0.0,2.0,892363.0,2020/03
D31005,4.0,1.0,0.0,0.0,1.0,0.0,0.0,0.0,0.0,0.0,408144.0,2020/03
D32001,9.0,80.0,0.0,0.0,3.0,3.0,0.0,0.0,8.0,22.0,391189.0,2020/03
D32002,3.0,23.0,0.0,0.0,2.0,1.0,0.0,0.0,3.0,6.0,374730.0,2020/03
D32003,5.0,23.0,0.0,0.0,1.0,1.0,3.0,0.0,14.0,18.0,388312.0,2020/03
D32004,17.0,22.0,0.0,0.0,6.0,0.0,1.0,1.0,8.0,6.0,424978.0,2020/03
