distrito,mpo_inegi
D01001,1005
D01001,1003
D01001,1007
D01001,1006
D01001,1011
D01001,1002
D01001,1009
D01001,1010
D01001,1004
D01001,1008
D01002,1001
D01003,1001
D03001,3003
D03001,3001
D03001,3002
D03001,3009
D04001,4002
D04001,4001
D04001,4006
D04001,4005
D04001,4010
D04001,4008
D05002,5017
D05002,5033
D05002,5027
D05002,5020
D05002,5009
D05002,5006
D05002,5031
D05002,5007
D05002,5023
D05002,5034
D05002,5021
D05002,5029
D05002,5016
D05003,5018
D05003,5010
D05003,5028
D05003,5032
D05003,5003
D05003,5037
D05003,5026
D05003,5008
D05003,5005
D05003,5012
D05003,5015
D05003,5013
D05003,5001
D05004,5030
D05004,5004
D05005,5035
D05007,5030
D05007,5024
D05007,5011
D06001,6002
D06001,6010
D06001,6005
D06001,6003
D06001,6004
D07002,7081
D07002,7026
D07002,7013
D07002,7072
D07002,7044
D07002,7049
D07002,7039
D07002,7014
D07002,7066
D07002,7047
D07002,7005
D07002,7022
D07002,7056
D07002,7042
D07002,7085
D07002,7113
D07002,7118
D07002,7119
D07008,7019
D07008,7099
D07008,7034
D07008,7106
D07008,7075
D07008,7083
D07008,7104
D07008,7058
D07010,7108
D07010,7017
D07010,7107
D07010,7020
D07010,7046
D07010,7008
D07010,7117
D08002,8037
D08002,8050
D08002,8005
D08002,8010
D08002,8001
D08002,8013
D08002,8035
D08002,8034
D08002,8023
D08002,8053
D08002,8028
D08005,8021
D08005,8011
D08005,8045
D08005,8036
D08005,8062
D08005,8052
D08005,8002
D08005,8055
D08005,8004
D08005,8038
D08005,8016
D08005,8058
D08005,8015
D08005,8042
D08006,8019
D08007,8017
D08007,8031
D08007,8040
D08007,8009
D08007,8048
D08007,8025
D08007,8054
D08007,8051
D08007,8020
D08007,8030
D08007,8063
D08007,8006
D08007,8066
D08007,8047
D08007,8018
D08007,8024
D08007,8043
D08007,8026
D08007,8041
D08008,8019
D09015,9014
D09017,9010
D09017,9004
D10001,10005
D10001,10023
D10001,10032
D10001,10014
D10001,10034
D10001,10038
D10001,10026
D10001,10035
D10001,10037
D10001,10033
D10001,10019
D10001,10002
D10004,10005
D11002,11007
D11002,11003
D11002,11009
D11002,11032
D11008,11027
D11008,11035
D11008,11044
D11009,11017
D11009,11037
D11012,11007
D11014,11002
D11014,11005
D11014,11004
D11014,11019
D11014,11039
D11014,11038
D11014,11010
D11015,11017
D12001,12058
D12001,12022
D12001,12003
D12001,12050
D12001,12007
D12001,12054
D12001,12067
D12001,12027
D12001,12073
D12001,12017
D12001,12064
D12001,12006
D12001,12026
D12001,12047
D12001,12037
D12001,12031
D12002,12035
D12002,12055
D12002,12034
D12002,12059
D12002,12019
D12002,12060
D12002,12015
D12002,12049
D12002,12008
D12008,12012
D12008,12046
D12008,12053
D12008,12056
D12008,12023
D12008,12039
D12008,12030
D12008,12025
D12008,12013
D12008,12018
D12008,12077
D12008,12080
D14004,14120
D14005,14067
D14005,14100
D14005,14084
D14005,14058
D14005,14020
D14005,14080
D14005,14038
D14005,14012
D14005,14062
D14007,14101
D14009,14039
D14016,14098
D15001,15045
D15001,15001
D15001,15085
D15001,15003
D15001,15112
D15001,15056
D15001,15026
D15001,15102
D15001,15071
D15001,15079
D15006,15033
D15006,15020
D15006,15044
D15009,15074
D15009,15114
D15009,15124
D15009,15111
D15009,15032
D15018,15106
D15018,15037
D15018,15067
D15018,15115
D15018,15046
D15033,15025
D15033,15022
D15033,15083
D15036,15082
D15036,15110
D15036,15021
D15036,15105
D15036,15086
D15036,15123
D15036,15080
D15036,15008
D15036,15007
D15036,15097
D15036,15117
D15036,15004
D15036,15078
D15036,15041
D15036,15077
D15036,15116
D15036,15066
D15039,15031
D15039,15070
D16002,16088
D16002,16071
D16002,16020
D16002,16113
D16002,16022
D16002,16003
D16002,16040
D16002,16067
D16002,16063
D16002,16004
D16002,16078
D16002,16044
D16002,16036
D16002,16018
D16002,16037
D16002,16054
D16002,16027
D16003,16112
D16003,16038
D16003,16098
D16003,16061
D16003,16047
D16003,16077
D16003,16099
D16003,16046
D16003,16092
D16003,16005
D16003,16013
D16003,16101
D16003,16081
D16005,16108
D16005,16069
D16005,16106
D16005,16086
D16005,16030
D16005,16042
D16005,16060
D16005,16028
D16005,16109
D16006,16034
D16006,16050
D16006,16110
D16006,16017
D16006,16093
D16006,16080
D16006,16031
D16006,16041
D16006,16072
D16006,16007
D16007,16107
D16007,16043
D16007,16025
D16007,16065
D16007,16085
D16007,16056
D16007,16073
D16007,16016
D16007,16024
D16007,16032
D16007,16070
D16007,16021
D16007,16094
D16009,16102
D16010,16053
D16012,16006
D16012,16012
D16012,16083
D16012,16068
D16012,16008
D16012,16089
D16012,16058
D16012,16015
D16012,16002
D16012,16014
D16012,16026
D17003,17006
D17003,17004
D17003,17024
D17003,17003
D17003,17019
D17004,17018
D17004,17017
D17004,17012
D17004,17031
D17004,17025
D17004,17015
D17004,17001
D17004,17014
D17004,17005
D17004,17021
D17005,17029
D17005,17030
D17005,17020
D17005,17002
D17005,17022
D17005,17009
D17005,17016
D17005,17026
D17005,17010
D17005,17033
D17005,17013
D17005,17027
D17005,17032
D17005,17023
D19002,19006
D19002,19046
D19002,19021
D19002,19041
D19002,19025
D19003,19021
D19005,19039
D19006,19039
D19006,19018
D19007,19039
D19007,19018
D19007,19025
D19007,19045
D19007,19012
D19007,19010
D19007,19044
D19007,19005
D19007,19047
D19007,19037
D19007,19032
D19007,19051
D19007,19008
D19007,19001
D19007,19002
D19007,19050
D19007,19028
D19007,19040
D19008,19026
D19008,19006
D19008,19041
D19012,19006
D19012,19031
D19012,19009
D19012,19041
D19012,19034
D20007,20043
D20007,20057
D20007,20198
D20007,20014
D20007,20207
D20007,20427
D20007,20557
D20007,20327
D20007,20005
D20007,20248
D20007,20010
D20007,20525
D20007,20025
D20007,20513
D20007,20407
D20007,20143
D20007,20441
D20007,20030
D20007,20505
D20007,20141
D20007,20265
D20007,20066
D20007,20130
D20007,20075
D21001,21071
D21001,21197
D21001,21194
D21001,21109
D21001,21183
D21001,21111
D21001,21064
D21001,21178
D21001,21213
D21001,21089
D21001,21086
D21001,21091
D21001,21100
D21001,21057
D21001,21068
D21001,21184
D21001,21187
D21001,21014
D21001,21123
D21003,21174
D21003,21207
D21003,21186
D21003,21043
D21003,21054
D21003,21017
D21003,21076
D21003,21211
D21003,21075
D21003,21002
D21003,21025
D21003,21204
D21003,21158
D21003,21173
D21004,21010
D21004,21115
D21004,21110
D21004,21195
D21004,21013
D21004,21065
D21004,21035
D21004,21099
D21004,21217
D21004,21214
D21004,21124
D21004,21145
D21004,21036
D21004,21129
D21004,21061
D21004,21209
D21004,21046
D21004,21103
D21004,21120
D21004,21027
D21008,21045
D21008,21199
D21008,21094
D21008,21142
D21008,21179
D21008,21050
D21008,21116
D21008,21058
D21008,21108
D21008,21067
D21008,21170
D21008,21044
D21008,21063
D21008,21117
D21008,21137
D21008,21023
D21008,21128
D21008,21093
D21008,21012
D21008,21105
D21008,21130
D21008,21096
D21013,21019
D21013,21085
D21013,21051
D21013,21106
D21013,21069
D21013,21188
D21013,21175
D21013,21022
D21013,21148
D21013,21176
D21013,21166
D21013,21185
D21013,21168
D21013,21033
D21013,21062
D21013,21201
D21013,21005
D21013,21021
D21013,21121
D21013,21165
D21013,21133
D22002,22016
D22002,22017
D22002,22007
D22003,22014
D22004,22014
D24004,24013
D24004,24016
D24004,24040
D24004,24036
D24004,24058
D24004,24042
D24004,24034
D24006,24028
D25001,25012
D25001,25009
D25001,25014
D25001,25004
D25003,25018
D25003,25017
D25003,25015
D25003,25002
D25003,25013
D25003,25003
D25004,25011
D25004,25010
D25004,25007
D25006,25006
D25006,25012
D25006,25008
D25006,25016
D25006,25005
D26002,26043
D26002,26002
D26002,26019
D26002,26036
D26002,26035
D26002,26027
D26002,26039
D26002,26006
D26002,26059
D26002,26011
D26002,26022
D26004,26029
D26004,26025
D26004,26012
D26004,26058
D26004,26072
D26004,26041
D26004,26056
D26004,26066
D26004,26023
D26004,26069
D26004,26052
D26004,26016
D26004,26038
D26004,26020
D26004,26014
D26004,26001
D26004,26045
D26004,26021
D26004,26040
D26004,26013
D26004,26067
D26004,26057
D26004,26015
D26004,26050
D26004,26061
D26004,26010
D26004,26037
D26004,26031
D26004,26063
D26004,26068
D26004,26005
D26004,26062
D26004,26008
D26004,26028
D26004,26034
D26004,26032
D26004,26009
D26004,26024
D26004,26054
D26004,26044
D26004,26053
D26007,26042
D26007,26033
D26007,26026
D26007,26003
D26007,26071
D26007,26051
D26007,26049
D28001,28027
D28002,28032
D28002,28025
D28002,28007
D28002,28015
D28002,28014
D28002,28024
D28003,28022
D28003,28033
D28003,28040
D28003,28035
D28003,28005
D28003,28023
D28003,28010
D28004,28022
D28008,28038
D28008,28009
D30001,30123
D30001,30133
D30001,30161
D30001,30013
D30001,30121
D30001,30151
D30001,30205
D30001,30060
D30001,30154
D30001,30152
D30001,30035
D30001,30150
D30001,30153
D30003,30189
D30003,30160
D30003,30034
D30003,30033
D30003,30157
D30003,30167
D30004,30193
D30005,30131
D30005,30175
D30005,30040
D30006,30124
D30006,30211
D30006,30066
D30006,30069
D30006,30158
D30006,30051
D30006,30192
D30006,30067
D30006,30050
D30006,30203
D30006,30103
D30006,30114
D30006,30037
D30006,30042
D30006,30064
D30008,30087
D30008,30065
D30008,30004
D30008,30191
D30008,30009
D30008,30016
D30008,30134
D30008,30112
D30008,30188
D30008,30095
D30008,30024
D30008,30057
D30008,30197
D30008,30166
D30008,30162
D30008,30187
D30008,30088
D30008,30106
D30008,30017
D30008,30179
D30008,30002
D30008,30096
D30009,30038
D30009,30128
D30009,30092
D30009,30025
D30009,30026
D30009,30132
D30009,30182
D30009,30093
D30009,30164
D30009,30046
D30009,30079
D30009,30177
D30009,30036
D30009,30001
D30009,30136
D30009,30156
D30012,30193
D30012,30028
D30012,30105
D30012,30100
D30012,30090
D30013,30174
D30013,30071
D30013,30181
D30013,30126
D30013,30125
D30013,30053
D30013,30148
D30013,30049
D30013,30043
D30013,30075
D30013,30031
D30013,30200
D30013,30007
D30013,30146
D30018,30173
D30018,30201
D30018,30030
D30018,30115
D30018,30159
D30018,30117
D30018,30147
D30018,30135
D30018,30006
D30018,30099
D30018,30168
D30018,30052
D30018,30110
D30018,30020
D30018,30184
D30018,30074
D30018,30019
D30018,30137
D30018,30195
D30018,30171
D30018,30185
D30018,30113
D30018,30098
D30018,30140
D30018,30041
D30018,30018
D30019,30141
D30019,30143
D30019,30011
D30019,30032
D30019,30015
D30019,30097
D30019,30178
D30019,30012
D30019,30139
D30019,30005
D31003,31050
D32002,32020
D32002,32036
D32002,32049
D32002,32055
D32002,32034
D32002,32048
D32002,32019
D32002,32044
D32002,32025
D32002,32023
D32002,32008
D32002,32031
D32002,32045
D32002,32012
D32002,32046
D32002,32001
D32002,32047
D32002,32002
D32002,32018
D32002,32004
D32002,32033
D32002,32011
D32002,32058
D32002,32028
D32002,32003
D32002,32030
D32002,32043
D32002,32015
D32003,32056
D32003,32039
D32003,32051
D32003,32029
D32003,32014
D32003,32022
D32003,32037
D32003,32026
D32003,32007
D32003,32032
D32003,32050
D32003,32027
D32003,32041
D32004,32017
D32004,32038
D32004,32024
D32004,32016
D32004,32057
D32004,32054
D32004,32052
D32004,32035
D32004,32053
D02001,2002
D02002,2002
D02004,2004
D02005,2004
D02006,2004
D02007,2002
D02007,2001
D02007,2003
D02007,2005
D02008,2004
D03002,3008
D03002,3003
D06002,6007
D06002,6009
D06002,6001
D06002,6008
D06002,6006
D07001,7065
D07001,7096
D07001,7077
D07001,7109
D07001,7100
D07001,7076
D07001,7016
D07001,7050
D07005,7078
D07005,7023
D07005,7093
D07005,7111
D07005,7112
D07005,7110
D07006,7101
D07006,7027
D07006,7061
D07006,7002
D07006,7086
D07006,7098
D07006,7028
D07009,7101
D07012,7089
D07012,7015
D07012,7102
D07012,7087
D07012,7105
D07012,7035
D07012,7055
D08001,8037
D09001,9005
D09002,9005
D09003,9002
D09004,9007
D09005,9012
D09008,9015
D09008,9017
D09009,9011
D09012,9015
D09013,9006
D09014,9012
D09018,9007
D09019,9007
D09020,9007
D09021,9013
D09021,9009
D09022,9007
D12004,12001
D12005,12066
D12005,12052
D12005,12071
D12005,12041
D12005,12045
D12005,12062
D12005,12043
D12005,12004
D12005,12078
D12005,12033
D12005,12069
D12005,12036
D12005,12081
D12005,12024
D12005,12065
D12005,12070
D12005,12005
D12005,12009
D12009,12001
D13002,13030
D13002,13084
D13002,13059
D13002,13054
D13002,13018
D13002,13050
D13002,13006
D13002,13015
D13002,13019
D13002,13049
D13002,13055
D13002,13058
D13002,13031
D13002,13040
D13002,13043
D13002,13047
D13003,13003
D13003,13041
D13003,13052
D13003,13023
D13003,13081
D13003,13012
D13003,13037
D13003,13070
D13003,13009
D13003,13005
D13003,13024
D13003,13039
D13003,13065
D13003,13071
D13003,13045
D13003,13036
D13003,13038
D13003,13033
D13003,13020
D13004,13077
D13004,13016
D13004,13002
D13004,13056
D13004,13027
D13004,13001
D13004,13053
D13004,13060
D13004,13035
D13004,13004
D13005,13076
D13005,13063
D13005,13067
D13005,13029
D13005,13013
D13005,13010
D13005,13074
D13005,13044
D13005,13017
D13005,13064
D13006,13048
D13006,13069
D13006,13082
D13006,13075
D13007,13051
D13007,13061
D13007,13083
D13007,13008
D13007,13057
D13007,13021
D13007,13022
D13007,13007
D13007,13066
D13007,13072
D15002,15109
D15002,15108
D15002,15059
D15002,15044
D15002,15125
D15004,15060
D15004,15038
D15005,15081
D15005,15002
D15005,15092
D15005,15100
D15005,15084
D15005,15065
D15005,15093
D15005,15028
D15005,15016
D15005,15075
D15005,15061
D15005,15069
D15007,15121
D15008,15109
D15010,15033
D15011,15033
D15013,15033
D15014,15104
D15014,15121
D15014,15013
D15015,15013
D15016,15033
D15016,15104
D15017,15033
D15019,15104
D15020,15058
D15021,15039
D15021,15009
D15021,15103
D15021,15015
D15021,15068
D15021,15050
D15021,15094
D15021,15089
D15021,15017
D15021,15034
D15024,15057
D15026,15106
D15026,15067
D15027,15054
D15027,15076
D15027,15018
D15027,15073
D15027,15055
D15027,15027
D15032,15122
D15034,15106
D15037,15024
D15037,15095
D15037,15091
D15037,15053
D15037,15023
D15038,15099
D15038,15011
D15038,15100
D15038,15030
D15040,15118
D15040,15005
D15040,15087
D15040,15021
D15041,15081
D15041,15084
D16001,16052
D16001,16055
D16001,16035
D16001,16064
D16001,16033
D16001,16010
D16001,16029
D16001,16059
D16001,16096
D17001,17007
D17002,17007
D17002,17011
D17002,17008
D17002,17028
D18001,18015
D18001,18012
D18001,18009
D18001,18016
D18001,18001
D18001,18010
D18001,18018
D18001,18011
D18001,18005
D20002,20041
D20002,20134
D20002,20406
D20002,20006
D20002,20171
D20002,20227
D20002,20058
D20002,20150
D20002,20309
D20002,20136
D20002,20338
D20002,20483
D20002,20177
D20002,20545
D20002,20045
D20002,20234
D20002,20294
D20002,20178
D20002,20040
D20002,20539
D20002,20326
D20002,20098
D20002,20116
D20002,20102
D20002,20330
D20002,20434
D20002,20029
D20002,20084
D20002,20063
D20002,20169
D20002,20244
D20002,20077
D20002,20024
D20002,20249
D20002,20396
D20002,20490
D20002,20019
D20002,20220
D20002,20033
D20002,20527
D20002,20193
D20002,20161
D20002,20206
D20002,20027
D20002,20182
D20002,20260
D20002,20264
D20002,20425
D20002,20139
D20002,20487
D20002,20214
D20002,20187
D20002,20478
D20002,20395
D20002,20431
D20002,20438
D20002,20163
D20002,20175
D20002,20374
D20002,20179
D20002,20558
D20002,20109
D20002,20270
D20002,20142
D20002,20436
D20002,20451
D20002,20228
D20002,20322
D20002,20313
D20002,20304
D20002,20355
D20002,20276
D20002,20311
D20002,20463
D20002,20354
D20002,20416
D20003,20385
D20003,20039
D20003,20565
D20003,20023
D20003,20006
D20003,20115
D20003,20426
D20003,20310
D20003,20135
D20003,20540
D20003,20494
D20003,20108
D20003,20459
D20003,20462
D20003,20339
D20003,20342
D20003,20273
D20003,20046
D20003,20511
D20003,20555
D20003,20492
D20003,20013
D20003,20217
D20003,20176
D20003,20531
D20003,20104
D20003,20455
D20003,20486
D20003,20388
D20003,20089
D20003,20405
D20003,20499
D20003,20255
D20003,20369
D20003,20094
D20003,20340
D20003,20569
D20003,20548
D20003,20092
D20003,20400
D20003,20562
D20003,20165
D20003,20523
D20003,20456
D20003,20568
D20003,20292
D20003,20160
D20003,20274
D20003,20221
D20003,20329
D20003,20564
D20003,20250
D20003,20195
D20003,20283
D20003,20144
D20003,20547
D20003,20004
D20003,20331
D20003,20018
D20003,20140
D20003,20215
D20003,20404
D20003,20321
D20003,20022
D20003,20096
D20003,20258
D20003,20370
D20003,20121
D20003,20422
D20003,20383
D20003,20224
D20003,20493
D20003,20093
D20003,20423
D20003,20552
D20003,20181
D20003,20054
D20003,20536
D20003,20476
D20003,20119
D20003,20172
D20003,20147
D20003,20373
D20003,20129
D20003,20430
D20003,20464
D20003,20332
D20003,20151
D20003,20524
D20003,20287
D20003,20281
D20003,20556
D20003,20106
D20003,20341
D20003,20521
D20003,20256
D20003,20479
D20003,20518
D20003,20488
D20003,20047
D20004,20107
D20004,20551
D20004,20068
D20004,20570
D20004,20350
D20004,20375
D20004,20298
D20004,20131
D20004,20553
D20004,20475
D20004,20083
D20004,20295
D20004,20409
D20004,20437
D20004,20042
D20004,20275
D20004,20031
D20004,20072
D20004,20560
D20004,20103
D20004,20546
D20004,20550
D20004,20554
D20004,20502
D20004,20337
D20004,20517
D20004,20051
D20004,20452
D20004,20174
D20004,20393
D20004,20145
D20004,20360
D20004,20200
D20004,20530
D20004,20435
D20004,20156
D20004,20197
D20004,20284
D20004,20457
D20004,20519
D20004,20403
D20004,20231
D20004,20212
D20004,20454
D20004,20387
D20004,20189
D20004,20561
D20004,20394
D20004,20226
D20004,20219
D20004,20060
D20004,20363
D20004,20007
D20004,20112
D20004,20118
D20004,20280
D20004,20380
D20004,20323
D20004,20356
D20004,20003
D20004,20349
D20004,20201
D20004,20162
D20004,20343
D20004,20368
D20004,20038
D20004,20243
D20004,20233
D20004,20496
D20004,20336
D20004,20315
D20004,20097
D20004,20504
D20004,20541
D20004,20247
D20004,20301
D20004,20192
D20004,20222
D20004,20173
D20004,20473
D20004,20216
D20004,20194
D20004,20328
D20004,20128
D20004,20049
D20004,20078
D20004,20303
D20004,20132
D20004,20365
D20004,20299
D20004,20522
D20004,20514
D20004,20544
D20004,20262
D20004,20257
D20004,20458
D20004,20389
D20004,20359
D20004,20335
D20004,20432
D20004,20296
D20004,20001
D20004,20411
D20004,20506
D20004,20114
D20004,20246
D20004,20288
D20004,20035
D20004,20419
D20004,20471
D20004,20062
D20004,20223
D20004,20443
D20004,20138
D20004,20100
D20004,20196
D20004,20503
D20004,20120
D20004,20191
D20004,20442
D20004,20267
D20005,20079
D20005,20515
D20005,20318
D20005,20190
D20005,20207
D20005,20124
D20005,20205
D20005,20418
D20005,20125
D20005,20325
D20005,20307
D20005,20266
D20005,20064
D20005,20498
D20005,20208
D20005,20052
D20005,20036
D20005,20460
D20005,20470
D20005,20421
D20005,20305
D20005,20453
D20005,20410
D20005,20472
D20005,20170
D20005,20412
D20005,20308
D20005,20495
D20005,20449
D20005,20211
D20005,20333
D20005,20148
D20005,20428
D20005,20465
D20005,20508
D20005,20053
D20005,20361
D20005,20440
D20005,20357
D20005,20008
D20005,20282
D20005,20316
D20005,20122
D20005,20204
D20005,20074
D20008,20067
D20008,20390
D20008,20399
D20008,20293
D20008,20157
D20008,20091
D20008,20087
D20010,20324
D20010,20413
D20010,20059
D20010,20439
D20010,20085
D20010,20401
D20010,20028
D20010,20570
D20010,20277
D20010,20509
D20010,20012
D20010,20126
D20010,20159
D20010,20015
D20010,20384
D20010,20398
D20010,20095
D20010,20291
D20010,20534
D20010,20366
D20010,20424
D20010,20235
D20010,20347
D20010,20306
D20010,20378
D20010,20017
D20010,20391
D20010,20203
D20010,20263
D20010,20254
D20010,20113
D20010,20535
D20010,20071
D20010,20351
D20010,20146
D20010,20123
D20010,20061
D20010,20344
D20010,20279
D20010,20271
D20010,20069
D20010,20154
D20010,20117
D20010,20353
D20010,20533
D20010,20253
D20010,20167
D20010,20358
D20010,20420
D20010,20149
D20010,20236
D20010,20429
D20010,20080
D20010,20362
D20010,20048
D20010,20563
D20010,20289
D20010,20241
D20010,20268
D20010,20155
D20010,20512
D20010,20238
D20010,20542
D20010,20101
D20010,20538
D21006,21114
D21009,21114
D21009,21041
D21011,21114
D21012,21114
D21015,21156
D21015,21177
D21015,21149
D21015,21161
D21015,21082
D21015,21092
D21015,21018
D21015,21037
D23001,23005
D23001,23008
D23001,23001
D23001,23009
D23001,23007
D23001,23003
D23001,23011
D23003,23005
D23004,23005
D23004,23008
D23004,23007
D23004,23003
D23004,23011
D25002,25001
D25005,25006
D25007,25006
D26006,26018
D27001,27012
D27001,27001
D27001,27017
D27001,27007
D27001,27011
D27002,27002
D27002,27008
D27003,27005
D27003,27006
D27004,27004
D27005,27013
D27005,27003
D27005,27014
D27005,27010
D27006,27004
D27006,27016
D27006,27015
D27006,27009
D29002,29033
D29002,29025
D29002,29010
D29002,29018
D29002,29041
D29002,29028
D29002,29048
D29002,29002
D29002,29027
D29002,29029
D29002,29050
D29002,29017
D29002,29059
D29002,29022
D29002,29060
D29003,29005
D29003,29006
D29003,29044
D29003,29015
D29003,29043
D29003,29024
D29003,29023
D29003,29036
D29003,29019
D29003,29021
D29003,29014
D29003,29042
D29003,29032
D29003,29001
D29003,29040
D29003,29020
D29003,29058
D29003,29012
D29003,29056
D29003,29053
D29003,29059
D29003,29045
D29003,29054
D29003,29049
D29003,29011
D29003,29057
D29003,29051
D29003,29055
D30007,30102
D30007,30010
D30007,30109
D30007,30183
D30007,30023
D30007,30086
D30007,30194
D30007,30163
D30007,30107
D30010,30087
D30011,30039
D30011,30204
D30011,30111
D30011,30082
D30014,30108
D30014,30061
D30014,30142
D30014,30144
D30014,30210
D30014,30091
D30014,30070
D30016,30044
D30016,30068
D30016,30014
D30016,30021
D30016,30080
D30016,30062
D30016,30196
D30016,30165
D30016,30186
D30020,30048
D30020,30073
D30020,30089
D30020,30149
D30020,30206
D30020,30172
D30020,30122
D30020,30104
D30020,30116
D30020,30145
D30020,30059
D30020,30120
D30020,30209
D30020,30199
D32001,32010
D32001,32042
D32001,32005
D32001,32040
D32001,32009
D32001,32006
D32001,32013
D32001,32021
D05001,5025
D05001,5002
D05001,5028
D05001,5032
D05001,5022
D05001,5003
D05001,5038
D05001,5014
D05001,5019
D07011,7078
D07011,7052
D07011,7064
D07011,7041
D07011,7094
D07011,7004
D07011,7038
D07011,7115
D07011,7024
D07011,7007
D08009,8032
D08009,8029
D08009,8027
D08009,8065
D08009,8007
D08009,8008
D08009,8060
D08009,8012
D08009,8003
D08009,8046
D08009,8067
D08009,8059
D08009,8044
D08009,8039
D08009,8061
D08009,8049
D08009,8022
D08009,8057
D08009,8014
D08009,8056
D08009,8064
D08009,8033
D11001,11014
D11001,11033
D11001,11013
D11001,11043
D11001,11040
D11001,11045
D11001,11034
D11001,11006
D11003,11020
D11004,11015
D11004,11030
D11004,11029
D11004,11022
D11005,11020
D11006,11020
D11007,11023
D11007,11031
D11007,11025
D11007,11008
D11010,11028
D11010,11011
D11010,11046
D11010,11041
D11010,11021
D11010,11036
D11011,11020
D11013,11042
D11013,11001
D11013,11026
D11013,11018
D11013,11012
D11013,11016
D11013,11024
D12006,12028
D12006,12061
D12006,12076
D12006,12051
D12006,12010
D12006,12002
D12006,12074
D12006,12020
D12006,12042
D12006,12079
D12006,12044
D12006,12072
D12006,12063
D14001,14083
D14001,14094
D14001,14003
D14001,14055
D14001,14009
D14001,14036
D14001,14061
D14001,14045
D14001,14029
D14001,14025
D14001,14005
D14001,14040
D14001,14095
D14001,14007
D14001,14042
D14001,14019
D14001,14041
D14001,14115
D14001,14104
D14001,14075
D14001,14031
D14001,14076
D14001,14071
D14001,14081
D14002,14053
D14002,14073
D14002,14035
D14002,14064
D14002,14109
D14002,14074
D14002,14072
D14003,14093
D14003,14008
D14003,14091
D14003,14046
D14003,14078
D14003,14118
D14003,14116
D14003,14048
D14003,14125
D14003,14111
D14003,14060
D14003,14117
D14006,14120
D14008,14039
D14010,14120
D14011,14039
D14012,14097
D14013,14120
D14013,14098
D14014,14039
D14015,14063
D14015,14018
D14015,14013
D14015,14066
D14015,14016
D14015,14047
D14015,14105
D14015,14033
D14015,14123
D14017,14044
D14017,14030
D14017,14050
D14017,14119
D14017,14077
D14017,14024
D14017,14002
D14017,14096
D14017,14114
D14017,14059
D14017,14092
D14017,14010
D14017,14107
D14017,14026
D14017,14057
D14018,14006
D14018,14015
D14018,14022
D14018,14043
D14018,14037
D14018,14021
D14018,14027
D14018,14088
D14018,14110
D14018,14017
D14018,14068
D14018,14099
D14018,14122
D14018,14090
D14018,14032
D14018,14102
D14018,14052
D14018,14011
D14018,14054
D14018,14106
D14018,14028
D14018,14034
D14019,14023
D14019,14085
D14019,14082
D14019,14108
D14019,14121
D14019,14086
D14019,14087
D14019,14113
D14019,14079
D14019,14065
D14019,14049
D14019,14069
D14019,14014
D14019,14103
D14019,14112
D14019,14004
D14019,14089
D14019,14056
D14020,14101
D14020,14070
D14020,14124
D14020,14001
D14020,14051
D16004,16076
D16004,16075
D16004,16045
D16004,16084
D16004,16103
D16004,16105
D16004,16062
D16004,16019
D16004,16104
D16004,16091
D16004,16051
D16004,16095
D16004,16011
D16004,16074
D16004,16023
D16011,16066
D16011,16082
D16011,16079
D16011,16009
D16011,16097
D16011,16049
D16011,16111
D16011,16090
D16011,16087
D16011,16100
D16011,16001
D16011,16039
D16011,16057
D16011,16048
D19001,19048
D19001,19019
D19004,19006
D19004,19046
D19009,19033
D19009,19038
D19009,19049
D19009,19017
D19009,19004
D19009,19014
D19009,19007
D19009,19022
D19009,19013
D19009,19011
D19009,19036
D19009,19029
D19009,19024
D19009,19020
D19009,19042
D19009,19030
D19009,19016
D19009,19043
D19009,19027
D19009,19015
D19009,19003
D19009,19023
D19009,19035
D19010,19039
D19011,19039
D19011,19026
D19011,19031
D21002,21208
D21002,21053
D21002,21172
D21002,21083
D21002,21212
D21002,21072
D21002,21049
D21002,21006
D21002,21078
D21002,21202
D21002,21167
D21002,21107
D21002,21008
D21002,21039
D21002,21016
D21002,21084
D21002,21192
D21002,21210
D21002,21077
D21002,21215
D21002,21088
D21002,21162
D21002,21029
D21002,21200
D21002,21101
D21002,21028
D21002,21080
D21002,21216
D21002,21030
D22001,22004
D22001,22012
D22001,22005
D22001,22018
D22001,22009
D22001,22002
D22001,22013
D22001,22010
D22001,22003
D22001,22015
D22005,22006
D22005,22011
D22005,22001
D22005,22008
D24001,24020
D24001,24021
D24001,24049
D24001,24025
D24001,24015
D24001,24022
D24001,24007
D24001,24001
D24001,24045
D24001,24033
D24001,24006
D24001,24047
D24001,24044
D24001,24048
D24002,24035
D24002,24050
D24002,24032
D24002,24055
D24002,24046
D24002,24043
D24002,24009
D24003,24024
D24003,24011
D24003,24010
D24003,24017
D24003,24008
D24003,24005
D24003,24023
D24003,24056
D24003,24051
D24003,24031
D24003,24027
D24003,24052
D24003,24002
D24003,24019
D24003,24030
D24003,24004
D24005,24028
D24007,24037
D24007,24054
D24007,24003
D24007,24053
D24007,24057
D24007,24029
D24007,24012
D24007,24041
D24007,24018
D24007,24039
D24007,24038
D24007,24014
D24007,24026
D28005,28041
D28005,28016
D28005,28013
D28005,28030
D28005,28034
D28005,28042
D28005,28020
D28005,28036
D28006,28021
D28006,28012
D28006,28039
D28006,28002
D28006,28037
D28006,28043
D28006,28019
D28006,28017
D28006,28029
D28006,28001
D28006,28004
D28006,28011
D28006,28018
D28006,28006
D28006,28008
D28006,28026
D28006,28028
D28006,28031
D30002,30155
D30002,30058
D30002,30083
D30002,30072
D30002,30129
D30002,30027
D30002,30202
D30002,30063
D30002,30078
D30002,30055
D30002,30076
D30002,30180
D30002,30170
D30002,30198
D30002,30056
D31001,31102
D31001,31096
D31001,31019
D31001,31040
D31001,31032
D31001,31085
D31001,31104
D31001,31091
D31001,31006
D31001,31021
D31001,31027
D31001,31057
D31001,31084
D31001,31092
D31001,31029
D31001,31042
D31001,31017
D31001,31022
D31001,31099
D31001,31008
D31001,31070
D31001,31012
D31001,31030
D31001,31097
D31001,31061
D31001,31081
D31001,31043
D31001,31028
D31001,31077
D31001,31031
D31001,31086
D31001,31065
D31001,31071
D31001,31014
D31001,31060
D31002,31041
D31002,31059
D31002,31052
D31002,31038
D31002,31093
D31002,31002
D31002,31013
D31002,31067
D31002,31011
D31002,31090
D31002,31007
D31002,31044
D31002,31034
D31002,31035
D31002,31004
D31002,31095
D31002,31087
D31002,31063
D31002,31009
D31002,31020
D31002,31039
D31002,31078
D31002,31082
D31002,31100
D31002,31026
D31002,31074
D31002,31103
D31002,31051
D31002,31105
D31002,31068
D31002,31054
D31002,31106
D31002,31005
D31002,31088
D31002,31083
D31002,31072
D31004,31050
D31005,31101
D31005,31079
D31005,31089
D31005,31056
D31005,31058
D31005,31048
D31005,31033
D31005,31076
D31005,31098
D31005,31053
D31005,31003
D31005,31080
D31005,31069
D31005,31036
D31005,31055
D31005,31075
D31005,31001
D31005,31047
D31005,31025
D31005,31037
D31005,31015
D31005,31073
D31005,31062
D31005,31094
D31005,31023
D31005,31066
D31005,31049
D31005,31024
D31005,31046
D31005,31018
D31005,31016
D31005,31010
D31005,31045
D31005,31064
D02003,2001
D04002,4003
D04002,4004
D04002,4009
D04002,4011
D04002,4007
D05006,5035
D05006,5017
D05006,5009
D05006,5036
D07003,7059
D07003,7031
D07003,7114
D07003,7082
D07003,7116
D07004,7012
D07004,7074
D07004,7092
D07004,7079
D07004,7068
D07004,7021
D07004,7048
D07004,7062
D07004,7091
D07004,7060
D07004,7067
D07004,7043
D07004,7073
D07004,7018
D07004,7084
D07004,7025
D07004,7033
D07004,7045
D07004,7029
D07004,7090
D07004,7063
D07004,7088
D07007,7097
D07007,7040
D07007,7069
D07007,7051
D07007,7009
D07007,7032
D07007,7071
D07007,7003
D07007,7001
D07013,7089
D07013,7057
D07013,7080
D07013,7037
D07013,7030
D07013,7103
D07013,7006
D07013,7054
D07013,7011
D07013,7070
D07013,7053
D07013,7010
D07013,7036
D08003,8037
D08004,8037
D09006,9010
D09006,9008
D09007,9005
D09010,9016
D09011,9017
D09016,9010
D09023,9003
D09024,9003
D09024,9013
D10002,10007
D10002,10013
D10002,10036
D10002,10018
D10002,10009
D10002,10017
D10002,10011
D10002,10010
D10002,10025
D10002,10030
D10003,10012
D10003,10004
D10003,10008
D10003,10001
D10003,10039
D10003,10022
D10003,10016
D10003,10024
D10003,10015
D10003,10028
D10003,10020
D10003,10021
D10003,10006
D10003,10031
D10003,10027
D10003,10003
D10003,10029
D12003,12038
D12003,12021
D12003,12057
D12003,12011
D12003,12048
D12003,12068
D12003,12014
D12003,12016
D12007,12029
D12007,12075
D12007,12032
D12007,12040
D13001,13028
D13001,13073
D13001,13046
D13001,13062
D13001,13080
D13001,13025
D13001,13011
D13001,13078
D13001,13014
D13001,13068
D13001,13026
D13001,13032
D13001,13042
D13001,13034
D13001,13079
D15003,15042
D15003,15014
D15003,15047
D15003,15048
D15003,15064
D15012,15039
D15022,15057
D15023,15051
D15023,15101
D15023,15062
D15023,15019
D15023,15063
D15023,15043
D15023,15012
D15023,15006
D15023,15098
D15025,15031
D15028,15120
D15028,15035
D15028,15036
D15028,15096
D15028,15010
D15029,15058
D15030,15031
D15030,15029
D15031,15058
D15035,15088
D15035,15090
D15035,15113
D15035,15021
D15035,15040
D15035,15086
D15035,15052
D15035,15097
D15035,15119
D15035,15049
D15035,15072
D15035,15107
D16008,16053
D18002,18017
D18003,18020
D18003,18004
D18003,18008
D18003,18006
D18003,18014
D18003,18007
D18003,18002
D18003,18019
D18003,18003
D18003,18013
D20001,20184
D20001,20002
D20001,20044
D20001,20278
D20001,20559
D20001,20232
D20001,20021
D20001,20468
D20001,20166
D20001,20417
D20001,20009
D20006,20397
D20006,20469
D20006,20073
D20006,20447
D20006,20450
D20006,20242
D20006,20377
D20006,20549
D20006,20016
D20006,20026
D20006,20348
D20006,20500
D20006,20229
D20006,20261
D20006,20105
D20006,20520
D20006,20208
D20006,20537
D20006,20392
D20006,20446
D20006,20210
D20006,20516
D20006,20491
D20006,20037
D20006,20484
D20006,20269
D20006,20020
D20006,20532
D20006,20133
D20006,20352
D20006,20055
D20006,20050
D20006,20137
D20006,20286
D20006,20567
D20006,20566
D20006,20379
D20006,20088
D20006,20164
D20006,20381
D20006,20297
D20006,20259
D20006,20240
D20006,20448
D20006,20152
D20006,20252
D20006,20481
D20006,20081
D20006,20372
D20006,20445
D20006,20110
D20006,20346
D20006,20237
D20006,20183
D20006,20529
D20006,20245
D20006,20317
D20006,20065
D20006,20011
D20006,20034
D20006,20251
D20006,20382
D20006,20371
D20006,20239
D20006,20127
D20006,20032
D20006,20528
D20006,20290
D20006,20230
D20006,20501
D20006,20086
D20006,20480
D20006,20320
D20006,20510
D20006,20199
D20006,20186
D20006,20218
D20006,20461
D20006,20408
D20006,20099
D20006,20444
D20006,20376
D20009,20482
D20009,20318
D20009,20334
D20009,20467
D20009,20386
D20009,20526
D20009,20364
D20009,20466
D20009,20312
D20009,20414
D20009,20188
D20009,20185
D20009,20070
D20009,20300
D20009,20272
D20009,20090
D20009,20225
D20009,20543
D20009,20489
D20009,20415
D20009,20153
D20009,20202
D20009,20302
D20009,20367
D20009,20497
D20009,20213
D20009,20111
D20009,20082
D20009,20345
D20009,20285
D20009,20507
D20009,20474
D20009,20076
D20009,20485
D20009,20180
D20009,20433
D20009,20158
D20009,20314
D20009,20477
D20009,20056
D20009,20402
D20009,20168
D21005,21132
D21005,21074
D21005,21180
D21005,21143
D21005,21048
D21005,21134
D21005,21026
D21005,21102
D21005,21136
D21005,21138
D21005,21122
D21005,21060
D21005,21181
D21007,21114
D21007,21015
D21007,21164
D21007,21001
D21007,21004
D21007,21104
D21007,21118
D21007,21153
D21007,21163
D21007,21152
D21007,21040
D21007,21038
D21007,21097
D21010,21119
D21010,21140
D21010,21041
D21010,21034
D21010,21090
D21010,21125
D21010,21126
D21014,21154
D21014,21003
D21014,21205
D21014,21189
D21014,21169
D21014,21047
D21014,21144
D21014,21087
D21014,21157
D21014,21112
D21014,21191
D21014,21151
D21014,21073
D21014,21150
D21014,21193
D21014,21020
D21014,21098
D21014,21203
D21014,21070
D21014,21147
D21014,21066
D21014,21155
D21014,21079
D21014,21182
D21014,21055
D21014,21206
D21014,21113
D21014,21159
D21014,21081
D21014,21171
D21014,21139
D21014,21127
D21014,21141
D21014,21007
D21014,21042
D21014,21160
D21014,21031
D21014,21059
D21014,21009
D21014,21011
D21014,21196
D21014,21032
D21014,21056
D21014,21190
D21014,21198
D21014,21052
D21014,21024
D21014,21131
D21014,21146
D21014,21135
D21014,21095
D23002,23004
D23002,23002
D23002,23010
D23002,23006
D26001,26055
D26001,26017
D26001,26048
D26001,26070
D26001,26004
D26001,26047
D26001,26064
D26001,26060
D26001,26065
D26001,26007
D26001,26046
D26003,26030
D26005,26030
D28007,28003
D28007,28009
D28009,28032
D29001,29013
D29001,29005
D29001,29034
D29001,29031
D29001,29039
D29001,29026
D29001,29007
D29001,29004
D29001,29038
D29001,29008
D29001,29030
D29001,29037
D29001,29016
D29001,29003
D29001,29052
D29001,29035
D29001,29009
D29001,29046
D29001,29047
D30015,30118
D30015,30085
D30015,30047
D30015,30138
D30015,30101
D30015,30127
D30015,30081
D30015,30022
D30015,30029
D30015,30008
D30017,30003
D30017,30045
D30017,30207
D30017,30077
D30017,30130
D30017,30094
D30017,30208
D30017,30169
D30017,30212
D30017,30054
D30017,30084
D30017,30119
D30017,30176
D30017,30190
